district,crop,variety,seed_class,quantity,quantity_unit,source_date
Ariyalur,To be joined,ADT (R) 45,Not specified,4.23,MT,2026-09-16
Chennai,To be joined,ADT (R) 45,Not specified,0.0,MT,2026-09-16
Coimbatore,To be joined,ADT (R) 45,Not specified,0.6,MT,2026-09-16
Cuddalore,To be joined,ADT (R) 45,Not specified,8.49,MT,2026-09-16
Dharmapuri,To be joined,ADT (R) 45,Not specified,1.05,MT,2026-09-16
Dindigul,To be joined,ADT (R) 45,Not specified,0.0,MT,2026-09-16
Erode,To be joined,ADT (R) 45,Not specified,28.92,MT,2026-09-16
Kancheepuram,To be joined,ADT (R) 45,Not specified,86.78,MT,2026-09-16
Karur,To be joined,ADT (R) 45,Not specified,0.0,MT,2026-09-16
Krishnagiri,To be joined,ADT (R) 45,Not specified,0.0,MT,2026-09-16
Madurai,To be joined,ADT (R) 45,Not specified,31.72,MT,2026-09-16
Nagapattinam,To be joined,ADT (R) 45,Not specified,133.09,MT,2026-09-16
Namakkal,To be joined,ADT (R) 45,Not specified,13.6,MT,2026-09-16
Perambalur,To be joined,ADT (R) 45,Not specified,2.02,MT,2026-09-16
Pudukkottai,To be joined,ADT (R) 45,Not specified,1.35,MT,2026-09-16
Ramanathapuram,To be joined,ADT (R) 45,Not specified,0.0,MT,2026-09-16
Salem,To be joined,ADT (R) 45,Not specified,27.99,MT,2026-09-16
Sivagangai,To be joined,ADT (R) 45,Not specified,1.08,MT,2026-09-16
Thanjavur,To be joined,ADT (R) 45,Not specified,121.68,MT,2026-09-16
Theni,To be joined,ADT (R) 45,Not specified,2.91,MT,2026-09-16
Thirunelveli,To be joined,ADT (R) 45,Not specified,34.85,MT,2026-09-16
Thiruvallur,To be joined,ADT (R) 45,Not specified,1.08,MT,2026-09-16
Thiruvarur,To be joined,ADT (R) 45,Not specified,103.06,MT,2026-09-16
Thoothukudi,To be joined,ADT (R) 45,Not specified,0.81,MT,2026-09-16
Tiruppur,To be joined,ADT (R) 45,Not specified,924.89,MT,2026-09-16
Tiruvannamalai,To be joined,ADT (R) 45,Not specified,64.26,MT,2026-09-16
Trichy,To be joined,ADT (R) 45,Not specified,15.74,MT,2026-09-16
Vellore,To be joined,ADT (R) 45,Not specified,7.56,MT,2026-09-16
Villupuram,To be joined,ADT (R) 45,Not specified,32.28,MT,2026-09-16
Virudhunagar,To be joined,ADT (R) 45,Not specified,0.0,MT,2026-09-16
Ariyalur,To be joined,ADT (R) 46,Not specified,4.2,MT,2026-09-16
Cuddalore,To be joined,ADT (R) 46,Not specified,0.3,MT,2026-09-16
Kancheepuram,To be joined,ADT (R) 46,Not specified,3.14,MT,2026-09-16
Nagapattinam,To be joined,ADT (R) 46,Not specified,55.35,MT,2026-09-16
Namakkal,To be joined,ADT (R) 46,Not specified,0.0,MT,2026-09-16
Ramanathapuram,To be joined,ADT (R) 46,Not specified,0.0,MT,2026-09-16
Thanjavur,To be joined,ADT (R) 46,Not specified,14.76,MT,2026-09-16
Thiruvarur,To be joined,ADT (R) 46,Not specified,81.07,MT,2026-09-16
Thoothukudi,To be joined,ADT (R) 46,Not specified,0.0,MT,2026-09-16
Tiruppur,To be joined,ADT (R) 46,Not specified,3.52,MT,2026-09-16
Tiruvannamalai,To be joined,ADT (R) 46,Not specified,0.0,MT,2026-09-16
Trichy,To be joined,ADT (R) 46,Not specified,0.0,MT,2026-09-16
Virudhunagar,To be joined,ADT (R) 46,Not specified,0.0,MT,2026-09-16
Ariyalur,To be joined,ADT (R) 48,Not specified,0.0,MT,2026-09-16
Coimbatore,To be joined,ADT (R) 48,Not specified,0.0,MT,2026-09-16
Kancheepuram,To be joined,ADT (R) 48,Not specified,0.0,MT,2026-09-16
Karur,To be joined,ADT (R) 48,Not specified,0.0,MT,2026-09-16
Nagapattinam,To be joined,ADT (R) 48,Not specified,0.0,MT,2026-09-16
Namakkal,To be joined,ADT (R) 48,Not specified,0.0,MT,2026-09-16
Salem,To be joined,ADT (R) 48,Not specified,0.01,MT,2026-09-16
Thanjavur,To be joined,ADT (R) 48,Not specified,0.0,MT,2026-09-16
Thiruvarur,To be joined,ADT (R) 48,Not specified,0.78,MT,2026-09-16
Thoothukudi,To be joined,ADT (R) 48,Not specified,0.0,MT,2026-09-16
Tiruppur,To be joined,ADT (R) 48,Not specified,0.0,MT,2026-09-16
Tiruvannamalai,To be joined,ADT (R) 48,Not specified,0.0,MT,2026-09-16
Cuddalore,To be joined,ADT (R) 49,Not specified,0.0,MT,2026-09-16
Erode,To be joined,ADT (R) 49,Not specified,0.0,MT,2026-09-16
Kancheepuram,To be joined,ADT (R) 49,Not specified,0.0,MT,2026-09-16
Nagapattinam,To be joined,ADT (R) 49,Not specified,0.0,MT,2026-09-16
Ramanathapuram,To be joined,ADT (R) 49,Not specified,0.0,MT,2026-09-16
Salem,To be joined,ADT (R) 49,Not specified,0.85,MT,2026-09-16
Sivagangai,To be joined,ADT (R) 49,Not specified,0.0,MT,2026-09-16
Thanjavur,To be joined,ADT (R) 49,Not specified,0.0,MT,2026-09-16
Thirunelveli,To be joined,ADT (R) 49,Not specified,0.0,MT,2026-09-16
Thiruvallur,To be joined,ADT (R) 49,Not specified,0.0,MT,2026-09-16
Thiruvarur,To be joined,ADT (R) 49,Not specified,3.0,MT,2026-09-16
Thoothukudi,To be joined,ADT (R) 49,Not specified,0.0,MT,2026-09-16
Tiruppur,To be joined,ADT (R) 49,Not specified,0.0,MT,2026-09-16
Trichy,To be joined,ADT (R) 49,Not specified,0.67,MT,2026-09-16
Vellore,To be joined,ADT (R) 49,Not specified,2.4,MT,2026-09-16
Ariyalur,To be joined,ADT (R) 50,Not specified,0.0,MT,2026-09-16
Cuddalore,To be joined,ADT (R) 50,Not specified,0.0,MT,2026-09-16
Kancheepuram,To be joined,ADT (R) 50,Not specified,0.56,MT,2026-09-16
Karur,To be joined,ADT (R) 50,Not specified,0.0,MT,2026-09-16
Nagapattinam,To be joined,ADT (R) 50,Not specified,0.5,MT,2026-09-16
Namakkal,To be joined,ADT (R) 50,Not specified,0.0,MT,2026-09-16
Perambalur,To be joined,ADT (R) 50,Not specified,0.0,MT,2026-09-16
Salem,To be joined,ADT (R) 50,Not specified,0.5,MT,2026-09-16
Sivagangai,To be joined,ADT (R) 50,Not specified,0.0,MT,2026-09-16
Thanjavur,To be joined,ADT (R) 50,Not specified,15.3,MT,2026-09-16
Thirunelveli,To be joined,ADT (R) 50,Not specified,0.05,MT,2026-09-16
Thiruvarur,To be joined,ADT (R) 50,Not specified,3.0,MT,2026-09-16
Thoothukudi,To be joined,ADT (R) 50,Not specified,0.0,MT,2026-09-16
Tiruppur,To be joined,ADT (R) 50,Not specified,0.0,MT,2026-09-16
Trichy,To be joined,ADT (R) 50,Not specified,0.0,MT,2026-09-16
Ariyalur,To be joined,ADT 36,Not specified,0.6,MT,2026-09-16
Coimbatore,To be joined,ADT 36,Not specified,0.0,MT,2026-09-16
Cuddalore,To be joined,ADT 36,Not specified,1.0,MT,2026-09-16
Dindigul,To be joined,ADT 36,Not specified,0.0,MT,2026-09-16
Erode,To be joined,ADT 36,Not specified,0.0,MT,2026-09-16
Kancheepuram,To be joined,ADT 36,Not specified,45.79,MT,2026-09-16
Kanyakumari,To be joined,ADT 36,Not specified,0.0,MT,2026-09-16
Karur,To be joined,ADT 36,Not specified,0.0,MT,2026-09-16
Krishnagiri,To be joined,ADT 36,Not specified,0.0,MT,2026-09-16
Madurai,To be joined,ADT 36,Not specified,15.66,MT,2026-09-16
Nagapattinam,To be joined,ADT 36,Not specified,10.47,MT,2026-09-16
Namakkal,To be joined,ADT 36,Not specified,1.1,MT,2026-09-16
Perambalur,To be joined,ADT 36,Not specified,0.0,MT,2026-09-16
Pudukkottai,To be joined,ADT 36,Not specified,0.0,MT,2026-09-16
Ramanathapuram,To be joined,ADT 36,Not specified,0.0,MT,2026-09-16
Salem,To be joined,ADT 36,Not specified,1.3,MT,2026-09-16
Sivagangai,To be joined,ADT 36,Not specified,0.0,MT,2026-09-16
Thanjavur,To be joined,ADT 36,Not specified,20.76,MT,2026-09-16
Thirunelveli,To be joined,ADT 36,Not specified,0.05,MT,2026-09-16
Thiruvallur,To be joined,ADT 36,Not specified,0.0,MT,2026-09-16
Thiruvarur,To be joined,ADT 36,Not specified,0.0,MT,2026-09-16
Thoothukudi,To be joined,ADT 36,Not specified,4.32,MT,2026-09-16
Tiruppur,To be joined,ADT 36,Not specified,188.76,MT,2026-09-16
Trichy,To be joined,ADT 36,Not specified,25.42,MT,2026-09-16
Vellore,To be joined,ADT 36,Not specified,0.0,MT,2026-09-16
Villupuram,To be joined,ADT 36,Not specified,1.5,MT,2026-09-16
Virudhunagar,To be joined,ADT 36,Not specified,0.0,MT,2026-09-16
Ariyalur,To be joined,ADT 37,Not specified,0.0,MT,2026-09-16
Chennai,To be joined,ADT 37,Not specified,0.0,MT,2026-09-16
Coimbatore,To be joined,ADT 37,Not specified,36.63,MT,2026-09-16
Cuddalore,To be joined,ADT 37,Not specified,24.36,MT,2026-09-16
Dharmapuri,To be joined,ADT 37,Not specified,0.0,MT,2026-09-16
Dindigul,To be joined,ADT 37,Not specified,0.0,MT,2026-09-16
Erode,To be joined,ADT 37,Not specified,2.0,MT,2026-09-16
Kancheepuram,To be joined,ADT 37,Not specified,133.85,MT,2026-09-16
Kanyakumari,To be joined,ADT 37,Not specified,0.0,MT,2026-09-16
Karur,To be joined,ADT 37,Not specified,0.0,MT,2026-09-16
Krishnagiri,To be joined,ADT 37,Not specified,0.0,MT,2026-09-16
Madurai,To be joined,ADT 37,Not specified,11.58,MT,2026-09-16
Nagapattinam,To be joined,ADT 37,Not specified,7.72,MT,2026-09-16
Namakkal,To be joined,ADT 37,Not specified,2.04,MT,2026-09-16
Pudukkottai,To be joined,ADT 37,Not specified,10.32,MT,2026-09-16
Salem,To be joined,ADT 37,Not specified,0.3,MT,2026-09-16
Sivagangai,To be joined,ADT 37,Not specified,6.0,MT,2026-09-16
Thanjavur,To be joined,ADT 37,Not specified,75.09,MT,2026-09-16
Theni,To be joined,ADT 37,Not specified,4.5,MT,2026-09-16
Thirunelveli,To be joined,ADT 37,Not specified,33.24,MT,2026-09-16
Thiruvallur,To be joined,ADT 37,Not specified,15.88,MT,2026-09-16
Thiruvarur,To be joined,ADT 37,Not specified,6.57,MT,2026-09-16
Thoothukudi,To be joined,ADT 37,Not specified,0.0,MT,2026-09-16
Tiruppur,To be joined,ADT 37,Not specified,791.46,MT,2026-09-16
Tiruvannamalai,To be joined,ADT 37,Not specified,167.69,MT,2026-09-16
Trichy,To be joined,ADT 37,Not specified,14.07,MT,2026-09-16
Vellore,To be joined,ADT 37,Not specified,16.94,MT,2026-09-16
Villupuram,To be joined,ADT 37,Not specified,79.28,MT,2026-09-16
Virudhunagar,To be joined,ADT 37,Not specified,0.0,MT,2026-09-16
Ariyalur,To be joined,ADT 38,Not specified,3.09,MT,2026-09-16
Coimbatore,To be joined,ADT 38,Not specified,0.0,MT,2026-09-16
Cuddalore,To be joined,ADT 38,Not specified,6.9,MT,2026-09-16
Dindigul,To be joined,ADT 38,Not specified,0.0,MT,2026-09-16
Erode,To be joined,ADT 38,Not specified,3.5,MT,2026-09-16
Kancheepuram,To be joined,ADT 38,Not specified,0.11,MT,2026-09-16
Karur,To be joined,ADT 38,Not specified,0.0,MT,2026-09-16
Nagapattinam,To be joined,ADT 38,Not specified,40.49,MT,2026-09-16
Namakkal,To be joined,ADT 38,Not specified,0.0,MT,2026-09-16
Pudukkottai,To be joined,ADT 38,Not specified,0.0,MT,2026-09-16
Thanjavur,To be joined,ADT 38,Not specified,15.12,MT,2026-09-16
Theni,To be joined,ADT 38,Not specified,0.0,MT,2026-09-16
Thirunelveli,To be joined,ADT 38,Not specified,0.0,MT,2026-09-16
Thiruvallur,To be joined,ADT 38,Not specified,5.04,MT,2026-09-16
Thiruvarur,To be joined,ADT 38,Not specified,28.37,MT,2026-09-16
Thoothukudi,To be joined,ADT 38,Not specified,0.0,MT,2026-09-16
Tiruppur,To be joined,ADT 38,Not specified,20.36,MT,2026-09-16
Trichy,To be joined,ADT 38,Not specified,0.6,MT,2026-09-16
Vellore,To be joined,ADT 38,Not specified,0.0,MT,2026-09-16
Villupuram,To be joined,ADT 38,Not specified,0.0,MT,2026-09-16
Ariyalur,To be joined,ADT 39,Not specified,13.6,MT,2026-09-16
Chennai,To be joined,ADT 39,Not specified,0.0,MT,2026-09-16
Coimbatore,To be joined,ADT 39,Not specified,0.0,MT,2026-09-16
Cuddalore,To be joined,ADT 39,Not specified,8.82,MT,2026-09-16
Dharmapuri,To be joined,ADT 39,Not specified,2.94,MT,2026-09-16
Erode,To be joined,ADT 39,Not specified,15.76,MT,2026-09-16
Kancheepuram,To be joined,ADT 39,Not specified,3.24,MT,2026-09-16
Karur,To be joined,ADT 39,Not specified,0.05,MT,2026-09-16
Krishnagiri,To be joined,ADT 39,Not specified,3.6,MT,2026-09-16
Madurai,To be joined,ADT 39,Not specified,23.68,MT,2026-09-16
Nagapattinam,To be joined,ADT 39,Not specified,24.56,MT,2026-09-16
Namakkal,To be joined,ADT 39,Not specified,14.7,MT,2026-09-16
Perambalur,To be joined,ADT 39,Not specified,1.02,MT,2026-09-16
Pudukkottai,To be joined,ADT 39,Not specified,3.0,MT,2026-09-16
Ramanathapuram,To be joined,ADT 39,Not specified,0.0,MT,2026-09-16
Salem,To be joined,ADT 39,Not specified,0.23,MT,2026-09-16
Sivagangai,To be joined,ADT 39,Not specified,1.23,MT,2026-09-16
Thanjavur,To be joined,ADT 39,Not specified,131.34,MT,2026-09-16
Thirunelveli,To be joined,ADT 39,Not specified,0.05,MT,2026-09-16
Thiruvallur,To be joined,ADT 39,Not specified,3.81,MT,2026-09-16
Thiruvarur,To be joined,ADT 39,Not specified,43.74,MT,2026-09-16
Thoothukudi,To be joined,ADT 39,Not specified,0.0,MT,2026-09-16
Tiruppur,To be joined,ADT 39,Not specified,292.99,MT,2026-09-16
Tiruvannamalai,To be joined,ADT 39,Not specified,0.0,MT,2026-09-16
Trichy,To be joined,ADT 39,Not specified,3.21,MT,2026-09-16
Vellore,To be joined,ADT 39,Not specified,0.0,MT,2026-09-16
Villupuram,To be joined,ADT 39,Not specified,5.35,MT,2026-09-16
Virudhunagar,To be joined,ADT 39,Not specified,0.0,MT,2026-09-16
Ariyalur,To be joined,ADT 43,Not specified,1.55,MT,2026-09-16
Coimbatore,To be joined,ADT 43,Not specified,0.0,MT,2026-09-16
Cuddalore,To be joined,ADT 43,Not specified,121.47,MT,2026-09-16
Dharmapuri,To be joined,ADT 43,Not specified,0.5,MT,2026-09-16
Dindigul,To be joined,ADT 43,Not specified,70.35,MT,2026-09-16
Erode,To be joined,ADT 43,Not specified,0.0,MT,2026-09-16
Kancheepuram,To be joined,ADT 43,Not specified,80.6,MT,2026-09-16
Karur,To be joined,ADT 43,Not specified,1.77,MT,2026-09-16
Krishnagiri,To be joined,ADT 43,Not specified,0.0,MT,2026-09-16
Madurai,To be joined,ADT 43,Not specified,10.8,MT,2026-09-16
Nagapattinam,To be joined,ADT 43,Not specified,70.8,MT,2026-09-16
Namakkal,To be joined,ADT 43,Not specified,0.65,MT,2026-09-16
Perambalur,To be joined,ADT 43,Not specified,0.3,MT,2026-09-16
Pudukkottai,To be joined,ADT 43,Not specified,0.0,MT,2026-09-16
Ramanathapuram,To be joined,ADT 43,Not specified,0.0,MT,2026-09-16
Salem,To be joined,ADT 43,Not specified,1.94,MT,2026-09-16
Sivagangai,To be joined,ADT 43,Not specified,0.0,MT,2026-09-16
Thanjavur,To be joined,ADT 43,Not specified,239.41,MT,2026-09-16
Theni,To be joined,ADT 43,Not specified,3.5,MT,2026-09-16
Thirunelveli,To be joined,ADT 43,Not specified,17.04,MT,2026-09-16
Thiruvallur,To be joined,ADT 43,Not specified,19.84,MT,2026-09-16
Thiruvarur,To be joined,ADT 43,Not specified,121.65,MT,2026-09-16
Thoothukudi,To be joined,ADT 43,Not specified,0.0,MT,2026-09-16
Tiruppur,To be joined,ADT 43,Not specified,184.09,MT,2026-09-16
Tiruvannamalai,To be joined,ADT 43,Not specified,0.36,MT,2026-09-16
Trichy,To be joined,ADT 43,Not specified,10.68,MT,2026-09-16
Vellore,To be joined,ADT 43,Not specified,3.81,MT,2026-09-16
Villupuram,To be joined,ADT 43,Not specified,8.66,MT,2026-09-16
Virudhunagar,To be joined,ADT 43,Not specified,0.0,MT,2026-09-16
Ariyalur,To be joined,ADT 45,Not specified,1.32,MT,2026-09-16
Coimbatore,To be joined,ADT 45,Not specified,46.38,MT,2026-09-16
Cuddalore,To be joined,ADT 45,Not specified,4.74,MT,2026-09-16
Dharmapuri,To be joined,ADT 45,Not specified,5.83,MT,2026-09-16
Dindigul,To be joined,ADT 45,Not specified,0.0,MT,2026-09-16
Erode,To be joined,ADT 45,Not specified,0.0,MT,2026-09-16
Kancheepuram,To be joined,ADT 45,Not specified,13.51,MT,2026-09-16
Karur,To be joined,ADT 45,Not specified,0.0,MT,2026-09-16
Krishnagiri,To be joined,ADT 45,Not specified,1.05,MT,2026-09-16
Madurai,To be joined,ADT 45,Not specified,0.05,MT,2026-09-16
Nagapattinam,To be joined,ADT 45,Not specified,45.14,MT,2026-09-16
Namakkal,To be joined,ADT 45,Not specified,12.28,MT,2026-09-16
Perambalur,To be joined,ADT 45,Not specified,0.0,MT,2026-09-16
Pudukkottai,To be joined,ADT 45,Not specified,0.0,MT,2026-09-16
Ramanathapuram,To be joined,ADT 45,Not specified,0.0,MT,2026-09-16
Salem,To be joined,ADT 45,Not specified,20.76,MT,2026-09-16
Sivagangai,To be joined,ADT 45,Not specified,0.0,MT,2026-09-16
Thanjavur,To be joined,ADT 45,Not specified,58.82,MT,2026-09-16
Theni,To be joined,ADT 45,Not specified,0.0,MT,2026-09-16
Thirunelveli,To be joined,ADT 45,Not specified,2.01,MT,2026-09-16
Thiruvallur,To be joined,ADT 45,Not specified,0.0,MT,2026-09-16
Thiruvarur,To be joined,ADT 45,Not specified,47.21,MT,2026-09-16
Thoothukudi,To be joined,ADT 45,Not specified,0.0,MT,2026-09-16
Tiruppur,To be joined,ADT 45,Not specified,25.68,MT,2026-09-16
Tiruvannamalai,To be joined,ADT 45,Not specified,3.0,MT,2026-09-16
Trichy,To be joined,ADT 45,Not specified,4.06,MT,2026-09-16
Vellore,To be joined,ADT 45,Not specified,0.0,MT,2026-09-16
Villupuram,To be joined,ADT 45,Not specified,5.82,MT,2026-09-16
Virudhunagar,To be joined,ADT 45,Not specified,0.0,MT,2026-09-16
Ariyalur,To be joined,ADT 46,Not specified,0.24,MT,2026-09-16
Krishnagiri,To be joined,ADT 46,Not specified,0.0,MT,2026-09-16
Nagapattinam,To be joined,ADT 46,Not specified,11.34,MT,2026-09-16
Namakkal,To be joined,ADT 46,Not specified,0.0,MT,2026-09-16
Salem,To be joined,ADT 46,Not specified,0.3,MT,2026-09-16
Sivagangai,To be joined,ADT 46,Not specified,0.0,MT,2026-09-16
Thanjavur,To be joined,ADT 46,Not specified,20.4,MT,2026-09-16
Thiruvarur,To be joined,ADT 46,Not specified,14.46,MT,2026-09-16
Tiruppur,To be joined,ADT 46,Not specified,1.22,MT,2026-09-16
Trichy,To be joined,ADT 46,Not specified,0.0,MT,2026-09-16
Villupuram,To be joined,ADT 46,Not specified,0.0,MT,2026-09-16
Virudhunagar,To be joined,ADT 46,Not specified,0.0,MT,2026-09-16
Ariyalur,To be joined,ADT 48,Not specified,0.0,MT,2026-09-16
Nagapattinam,To be joined,ADT 48,Not specified,0.0,MT,2026-09-16
Thanjavur,To be joined,ADT 48,Not specified,0.2,MT,2026-09-16
Thiruvarur,To be joined,ADT 48,Not specified,0.0,MT,2026-09-16
Tiruppur,To be joined,ADT 48,Not specified,0.0,MT,2026-09-16
Trichy,To be joined,ADT 48,Not specified,0.0,MT,2026-09-16
Ariyalur,To be joined,ADT 49,Not specified,0.0,MT,2026-09-16
Erode,To be joined,ADT 49,Not specified,0.0,MT,2026-09-16
Karur,To be joined,ADT 49,Not specified,0.0,MT,2026-09-16
Krishnagiri,To be joined,ADT 49,Not specified,1.0,MT,2026-09-16
Nagapattinam,To be joined,ADT 49,Not specified,0.0,MT,2026-09-16
Ramanathapuram,To be joined,ADT 49,Not specified,0.0,MT,2026-09-16
Salem,To be joined,ADT 49,Not specified,0.0,MT,2026-09-16
Sivagangai,To be joined,ADT 49,Not specified,1.0,MT,2026-09-16
Thiruvarur,To be joined,ADT 49,Not specified,0.0,MT,2026-09-16
Thoothukudi,To be joined,ADT 49,Not specified,0.0,MT,2026-09-16
Tiruppur,To be joined,ADT 49,Not specified,0.0,MT,2026-09-16
Trichy,To be joined,ADT 49,Not specified,28.15,MT,2026-09-16
Villupuram,To be joined,ADT 49,Not specified,0.0,MT,2026-09-16
Ariyalur,To be joined,ADT 50,Not specified,4.0,MT,2026-09-16
Cuddalore,To be joined,ADT 50,Not specified,0.0,MT,2026-09-16
Dindigul,To be joined,ADT 50,Not specified,0.0,MT,2026-09-16
Nagapattinam,To be joined,ADT 50,Not specified,0.0,MT,2026-09-16
Perambalur,To be joined,ADT 50,Not specified,0.0,MT,2026-09-16
Ramanathapuram,To be joined,ADT 50,Not specified,0.0,MT,2026-09-16
Salem,To be joined,ADT 50,Not specified,1.75,MT,2026-09-16
Sivagangai,To be joined,ADT 50,Not specified,0.0,MT,2026-09-16
Thanjavur,To be joined,ADT 50,Not specified,16.36,MT,2026-09-16
Theni,To be joined,ADT 50,Not specified,0.0,MT,2026-09-16
Thiruvarur,To be joined,ADT 50,Not specified,0.0,MT,2026-09-16
Tiruppur,To be joined,ADT 50,Not specified,0.0,MT,2026-09-16
Trichy,To be joined,ADT 50,Not specified,0.15,MT,2026-09-16
Ariyalur,To be joined,ADT R 45,Not specified,0.03,MT,2026-09-16
Cuddalore,To be joined,ADT R 45,Not specified,12.11,MT,2026-09-16
Dharmapuri,To be joined,ADT R 45,Not specified,0.0,MT,2026-09-16
Dindigul,To be joined,ADT R 45,Not specified,0.0,MT,2026-09-16
Kancheepuram,To be joined,ADT R 45,Not specified,4.14,MT,2026-09-16
Karur,To be joined,ADT R 45,Not specified,0.0,MT,2026-09-16
Krishnagiri,To be joined,ADT R 45,Not specified,0.0,MT,2026-09-16
Madurai,To be joined,ADT R 45,Not specified,5.22,MT,2026-09-16
Nagapattinam,To be joined,ADT R 45,Not specified,5.25,MT,2026-09-16
Namakkal,To be joined,ADT R 45,Not specified,0.39,MT,2026-09-16
Perambalur,To be joined,ADT R 45,Not specified,0.0,MT,2026-09-16
Pudukkottai,To be joined,ADT R 45,Not specified,0.0,MT,2026-09-16
Salem,To be joined,ADT R 45,Not specified,7.2,MT,2026-09-16
Thanjavur,To be joined,ADT R 45,Not specified,1.12,MT,2026-09-16
Theni,To be joined,ADT R 45,Not specified,1.44,MT,2026-09-16
Thirunelveli,To be joined,ADT R 45,Not specified,0.0,MT,2026-09-16
Thiruvallur,To be joined,ADT R 45,Not specified,0.0,MT,2026-09-16
Thiruvarur,To be joined,ADT R 45,Not specified,8.77,MT,2026-09-16
Tiruppur,To be joined,ADT R 45,Not specified,15.0,MT,2026-09-16
Tiruvannamalai,To be joined,ADT R 45,Not specified,2.16,MT,2026-09-16
Trichy,To be joined,ADT R 45,Not specified,0.0,MT,2026-09-16
Vellore,To be joined,ADT R 45,Not specified,2.21,MT,2026-09-16
Villupuram,To be joined,ADT R 45,Not specified,0.75,MT,2026-09-16
Ariyalur,To be joined,ADT R 46,Not specified,0.0,MT,2026-09-16
Nagapattinam,To be joined,ADT R 46,Not specified,0.0,MT,2026-09-16
Thanjavur,To be joined,ADT R 46,Not specified,0.84,MT,2026-09-16
Krishnagiri,To be joined,ADT R 49,Not specified,0.0,MT,2026-09-16
Tiruppur,To be joined,ADT R 49,Not specified,0.0,MT,2026-09-16
Kancheepuram,To be joined,ADT(R)45,Not specified,0.66,MT,2026-09-16
Nagapattinam,To be joined,ADT(R)45,Not specified,0.0,MT,2026-09-16
Salem,To be joined,ADT(R)45,Not specified,0.06,MT,2026-09-16
Thiruvarur,To be joined,ADT(R)45,Not specified,1.2,MT,2026-09-16
Tiruppur,To be joined,ADT(R)45,Not specified,16.2,MT,2026-09-16
Tiruvannamalai,To be joined,ADT(R)45,Not specified,0.0,MT,2026-09-16
Nagapattinam,To be joined,ADT(R)46,Not specified,0.0,MT,2026-09-16
Tiruppur,To be joined,ADT(R)46,Not specified,0.0,MT,2026-09-16
Thiruvarur,To be joined,ADT(R)49,Not specified,1.23,MT,2026-09-16
Tiruppur,To be joined,ADT(R)49,Not specified,0.0,MT,2026-09-16
Ariyalur,To be joined,Akshay,Not specified,0.0,MT,2026-09-16
Coimbatore,To be joined,Akshay,Not specified,0.15,MT,2026-09-16
Krishnagiri,To be joined,Akshay,Not specified,0.59,MT,2026-09-16
Madurai,To be joined,Akshay,Not specified,0.0,MT,2026-09-16
Thirunelveli,To be joined,Akshay,Not specified,0.0,MT,2026-09-16
Thoothukudi,To be joined,Akshay,Not specified,0.0,MT,2026-09-16
Trichy,To be joined,Akshay,Not specified,0.0,MT,2026-09-16
Virudhunagar,To be joined,Akshay,Not specified,0.0,MT,2026-09-16
Ariyalur,To be joined,Akshaya,Not specified,0.0,MT,2026-09-16
Coimbatore,To be joined,Akshaya,Not specified,0.0,MT,2026-09-16
Dharmapuri,To be joined,Akshaya,Not specified,0.41,MT,2026-09-16
Dindigul,To be joined,Akshaya,Not specified,0.0,MT,2026-09-16
Karur,To be joined,Akshaya,Not specified,0.0,MT,2026-09-16
Krishnagiri,To be joined,Akshaya,Not specified,0.16,MT,2026-09-16
Madurai,To be joined,Akshaya,Not specified,5.7,MT,2026-09-16
Nagapattinam,To be joined,Akshaya,Not specified,0.0,MT,2026-09-16
Namakkal,To be joined,Akshaya,Not specified,0.0,MT,2026-09-16
Salem,To be joined,Akshaya,Not specified,0.0,MT,2026-09-16
Sivagangai,To be joined,Akshaya,Not specified,0.08,MT,2026-09-16
Theni,To be joined,Akshaya,Not specified,0.2,MT,2026-09-16
Thirunelveli,To be joined,Akshaya,Not specified,1.42,MT,2026-09-16
Thiruvarur,To be joined,Akshaya,Not specified,0.0,MT,2026-09-16
Thoothukudi,To be joined,Akshaya,Not specified,0.0,MT,2026-09-16
Tiruvannamalai,To be joined,Akshaya,Not specified,0.0,MT,2026-09-16
Trichy,To be joined,Akshaya,Not specified,22.78,MT,2026-09-16
Vellore,To be joined,Akshaya,Not specified,0.34,MT,2026-09-16
Villupuram,To be joined,Akshaya,Not specified,0.0,MT,2026-09-16
Virudhunagar,To be joined,Akshaya,Not specified,0.0,MT,2026-09-16
Dharmapuri,To be joined,Amirtha,Not specified,0.0,MT,2026-09-16
Madurai,To be joined,Amirtha,Not specified,4.71,MT,2026-09-16
Nagapattinam,To be joined,Amirtha,Not specified,0.0,MT,2026-09-16
Thiruvarur,To be joined,Amirtha,Not specified,0.0,MT,2026-09-16
Trichy,To be joined,Amirtha,Not specified,0.0,MT,2026-09-16
Vellore,To be joined,Amirtha,Not specified,0.0,MT,2026-09-16
Ariyalur,To be joined,Ankur - Sadhana,Not specified,0.0,MT,2026-09-16
Cuddalore,To be joined,Ankur - Sadhana,Not specified,10.48,MT,2026-09-16
Erode,To be joined,Ankur - Sadhana,Not specified,0.0,MT,2026-09-16
Kancheepuram,To be joined,Ankur - Sadhana,Not specified,0.1,MT,2026-09-16
Karur,To be joined,Ankur - Sadhana,Not specified,0.0,MT,2026-09-16
Krishnagiri,To be joined,Ankur - Sadhana,Not specified,0.0,MT,2026-09-16
Madurai,To be joined,Ankur - Sadhana,Not specified,0.0,MT,2026-09-16
Salem,To be joined,Ankur - Sadhana,Not specified,0.0,MT,2026-09-16
Thanjavur,To be joined,Ankur - Sadhana,Not specified,0.0,MT,2026-09-16
Thirunelveli,To be joined,Ankur - Sadhana,Not specified,0.15,MT,2026-09-16
Thiruvallur,To be joined,Ankur - Sadhana,Not specified,0.0,MT,2026-09-16
Thoothukudi,To be joined,Ankur - Sadhana,Not specified,0.0,MT,2026-09-16
Tiruvannamalai,To be joined,Ankur - Sadhana,Not specified,0.0,MT,2026-09-16
Trichy,To be joined,Ankur - Sadhana,Not specified,0.1,MT,2026-09-16
Vellore,To be joined,Ankur - Sadhana,Not specified,0.1,MT,2026-09-16
Virudhunagar,To be joined,Ankur - Sadhana,Not specified,0.0,MT,2026-09-16
Ariyalur,To be joined,Ankur POOJA,Not specified,0.02,MT,2026-09-16
Dharmapuri,To be joined,Ankur POOJA,Not specified,0.1,MT,2026-09-16
Karur,To be joined,Ankur POOJA,Not specified,0.0,MT,2026-09-16
Krishnagiri,To be joined,Ankur POOJA,Not specified,0.07,MT,2026-09-16
Nagapattinam,To be joined,Ankur POOJA,Not specified,0.0,MT,2026-09-16
Thanjavur,To be joined,Ankur POOJA,Not specified,0.0,MT,2026-09-16
Thirunelveli,To be joined,Ankur POOJA,Not specified,0.0,MT,2026-09-16
Thiruvarur,To be joined,Ankur POOJA,Not specified,0.0,MT,2026-09-16
Vellore,To be joined,Ankur POOJA,Not specified,0.0,MT,2026-09-16
Virudhunagar,To be joined,Ankur POOJA,Not specified,0.0,MT,2026-09-16
Nagapattinam,To be joined,ANNA 4,Not specified,0.0,MT,2026-09-16
Namakkal,To be joined,ANNA 4,Not specified,0.0,MT,2026-09-16
Sivagangai,To be joined,ANNA 4,Not specified,2.98,MT,2026-09-16
Ariyalur,To be joined,ASD 16,Not specified,0.03,MT,2026-09-16
Coimbatore,To be joined,ASD 16,Not specified,7.02,MT,2026-09-16
Cuddalore,To be joined,ASD 16,Not specified,258.01,MT,2026-09-16
Dindigul,To be joined,ASD 16,Not specified,0.0,MT,2026-09-16
Erode,To be joined,ASD 16,Not specified,24.88,MT,2026-09-16
Kancheepuram,To be joined,ASD 16,Not specified,7.0,MT,2026-09-16
Kanyakumari,To be joined,ASD 16,Not specified,0.0,MT,2026-09-16
Karur,To be joined,ASD 16,Not specified,0.0,MT,2026-09-16
Krishnagiri,To be joined,ASD 16,Not specified,0.0,MT,2026-09-16
Madurai,To be joined,ASD 16,Not specified,64.73,MT,2026-09-16
Nagapattinam,To be joined,ASD 16,Not specified,78.03,MT,2026-09-16
Namakkal,To be joined,ASD 16,Not specified,0.0,MT,2026-09-16
Perambalur,To be joined,ASD 16,Not specified,0.0,MT,2026-09-16
Pudukkottai,To be joined,ASD 16,Not specified,0.0,MT,2026-09-16
Ramanathapuram,To be joined,ASD 16,Not specified,0.0,MT,2026-09-16
Salem,To be joined,ASD 16,Not specified,1.72,MT,2026-09-16
Sivagangai,To be joined,ASD 16,Not specified,1.32,MT,2026-09-16
Thanjavur,To be joined,ASD 16,Not specified,175.39,MT,2026-09-16
Theni,To be joined,ASD 16,Not specified,0.05,MT,2026-09-16
Thirunelveli,To be joined,ASD 16,Not specified,88.51,MT,2026-09-16
Thiruvallur,To be joined,ASD 16,Not specified,0.0,MT,2026-09-16
Thiruvarur,To be joined,ASD 16,Not specified,118.97,MT,2026-09-16
Thoothukudi,To be joined,ASD 16,Not specified,25.96,MT,2026-09-16
Tiruppur,To be joined,ASD 16,Not specified,475.94,MT,2026-09-16
Tiruvannamalai,To be joined,ASD 16,Not specified,0.0,MT,2026-09-16
Trichy,To be joined,ASD 16,Not specified,3.12,MT,2026-09-16
Vellore,To be joined,ASD 16,Not specified,0.0,MT,2026-09-16
Villupuram,To be joined,ASD 16,Not specified,2.05,MT,2026-09-16
Virudhunagar,To be joined,ASD 16,Not specified,4.99,MT,2026-09-16
Ariyalur,To be joined,ASD 19,Not specified,0.0,MT,2026-09-16
Cuddalore,To be joined,ASD 19,Not specified,13.63,MT,2026-09-16
Kanyakumari,To be joined,ASD 19,Not specified,0.0,MT,2026-09-16
Madurai,To be joined,ASD 19,Not specified,2.82,MT,2026-09-16
Nagapattinam,To be joined,ASD 19,Not specified,0.0,MT,2026-09-16
Namakkal,To be joined,ASD 19,Not specified,0.0,MT,2026-09-16
Pudukkottai,To be joined,ASD 19,Not specified,0.0,MT,2026-09-16
Ramanathapuram,To be joined,ASD 19,Not specified,0.0,MT,2026-09-16
Sivagangai,To be joined,ASD 19,Not specified,0.0,MT,2026-09-16
Thanjavur,To be joined,ASD 19,Not specified,0.8,MT,2026-09-16
Thirunelveli,To be joined,ASD 19,Not specified,0.0,MT,2026-09-16
Thiruvarur,To be joined,ASD 19,Not specified,0.0,MT,2026-09-16
Tiruppur,To be joined,ASD 19,Not specified,0.0,MT,2026-09-16
Trichy,To be joined,ASD 19,Not specified,6.0,MT,2026-09-16
Villupuram,To be joined,ASD 19,Not specified,1.5,MT,2026-09-16
Virudhunagar,To be joined,ASD 19,Not specified,0.0,MT,2026-09-16
Ariyalur,To be joined,BPT 5204,Not specified,5.67,MT,2026-09-16
Chennai,To be joined,BPT 5204,Not specified,0.0,MT,2026-09-16
Cuddalore,To be joined,BPT 5204,Not specified,410.94,MT,2026-09-16
Dindigul,To be joined,BPT 5204,Not specified,0.0,MT,2026-09-16
Erode,To be joined,BPT 5204,Not specified,17.21,MT,2026-09-16
Kancheepuram,To be joined,BPT 5204,Not specified,85.1,MT,2026-09-16
Karur,To be joined,BPT 5204,Not specified,1.95,MT,2026-09-16
Krishnagiri,To be joined,BPT 5204,Not specified,0.19,MT,2026-09-16
Madurai,To be joined,BPT 5204,Not specified,20.21,MT,2026-09-16
Nagapattinam,To be joined,BPT 5204,Not specified,254.23,MT,2026-09-16
Namakkal,To be joined,BPT 5204,Not specified,7.21,MT,2026-09-16
Perambalur,To be joined,BPT 5204,Not specified,0.25,MT,2026-09-16
Pudukkottai,To be joined,BPT 5204,Not specified,0.0,MT,2026-09-16
Ramanathapuram,To be joined,BPT 5204,Not specified,0.0,MT,2026-09-16
Salem,To be joined,BPT 5204,Not specified,7.42,MT,2026-09-16
Sivagangai,To be joined,BPT 5204,Not specified,2.07,MT,2026-09-16
Thanjavur,To be joined,BPT 5204,Not specified,485.92,MT,2026-09-16
Thirunelveli,To be joined,BPT 5204,Not specified,10.69,MT,2026-09-16
Thiruvallur,To be joined,BPT 5204,Not specified,82.32,MT,2026-09-16
Thiruvarur,To be joined,BPT 5204,Not specified,325.75,MT,2026-09-16
Thoothukudi,To be joined,BPT 5204,Not specified,5.22,MT,2026-09-16
Tiruppur,To be joined,BPT 5204,Not specified,90.33,MT,2026-09-16
Tiruvannamalai,To be joined,BPT 5204,Not specified,0.78,MT,2026-09-16
Trichy,To be joined,BPT 5204,Not specified,102.7,MT,2026-09-16
Vellore,To be joined,BPT 5204,Not specified,2.84,MT,2026-09-16
Villupuram,To be joined,BPT 5204,Not specified,11.04,MT,2026-09-16
Virudhunagar,To be joined,BPT 5204,Not specified,12.05,MT,2026-09-16
Ariyalur,To be joined,CO 51,Not specified,0.65,MT,2026-09-16
Cuddalore,To be joined,CO 51,Not specified,4.26,MT,2026-09-16
Dharmapuri,To be joined,CO 51,Not specified,22.66,MT,2026-09-16
Dindigul,To be joined,CO 51,Not specified,12.9,MT,2026-09-16
Erode,To be joined,CO 51,Not specified,0.45,MT,2026-09-16
Kancheepuram,To be joined,CO 51,Not specified,20.36,MT,2026-09-16
Karur,To be joined,CO 51,Not specified,3.51,MT,2026-09-16
Krishnagiri,To be joined,CO 51,Not specified,52.27,MT,2026-09-16
Madurai,To be joined,CO 51,Not specified,6.86,MT,2026-09-16
Nagapattinam,To be joined,CO 51,Not specified,28.85,MT,2026-09-16
Namakkal,To be joined,CO 51,Not specified,0.0,MT,2026-09-16
Pudukkottai,To be joined,CO 51,Not specified,0.0,MT,2026-09-16
Ramanathapuram,To be joined,CO 51,Not specified,0.0,MT,2026-09-16
Salem,To be joined,CO 51,Not specified,26.49,MT,2026-09-16
Sivagangai,To be joined,CO 51,Not specified,56.79,MT,2026-09-16
Thanjavur,To be joined,CO 51,Not specified,115.6,MT,2026-09-16
Theni,To be joined,CO 51,Not specified,0.0,MT,2026-09-16
Thirunelveli,To be joined,CO 51,Not specified,2.04,MT,2026-09-16
Thiruvallur,To be joined,CO 51,Not specified,0.0,MT,2026-09-16
Thiruvarur,To be joined,CO 51,Not specified,80.36,MT,2026-09-16
Thoothukudi,To be joined,CO 51,Not specified,16.4,MT,2026-09-16
Tiruppur,To be joined,CO 51,Not specified,41.94,MT,2026-09-16
Tiruvannamalai,To be joined,CO 51,Not specified,12.95,MT,2026-09-16
Trichy,To be joined,CO 51,Not specified,2.0,MT,2026-09-16
Vellore,To be joined,CO 51,Not specified,8.09,MT,2026-09-16
Villupuram,To be joined,CO 51,Not specified,3.96,MT,2026-09-16
Ariyalur,To be joined,CO (R) 51,Not specified,0.63,MT,2026-09-16
Coimbatore,To be joined,CO (R) 51,Not specified,0.0,MT,2026-09-16
Cuddalore,To be joined,CO (R) 51,Not specified,18.28,MT,2026-09-16
Dindigul,To be joined,CO (R) 51,Not specified,0.3,MT,2026-09-16
Erode,To be joined,CO (R) 51,Not specified,1.82,MT,2026-09-16
Kancheepuram,To be joined,CO (R) 51,Not specified,89.14,MT,2026-09-16
Karur,To be joined,CO (R) 51,Not specified,2.49,MT,2026-09-16
Madurai,To be joined,CO (R) 51,Not specified,20.49,MT,2026-09-16
Nagapattinam,To be joined,CO (R) 51,Not specified,78.95,MT,2026-09-16
Namakkal,To be joined,CO (R) 51,Not specified,34.59,MT,2026-09-16
Perambalur,To be joined,CO (R) 51,Not specified,1.65,MT,2026-09-16
Pudukkottai,To be joined,CO (R) 51,Not specified,0.0,MT,2026-09-16
Ramanathapuram,To be joined,CO (R) 51,Not specified,0.0,MT,2026-09-16
Salem,To be joined,CO (R) 51,Not specified,10.45,MT,2026-09-16
Sivagangai,To be joined,CO (R) 51,Not specified,1.04,MT,2026-09-16
Thanjavur,To be joined,CO (R) 51,Not specified,125.85,MT,2026-09-16
Theni,To be joined,CO (R) 51,Not specified,0.0,MT,2026-09-16
Thirunelveli,To be joined,CO (R) 51,Not specified,1.5,MT,2026-09-16
Thiruvallur,To be joined,CO (R) 51,Not specified,21.31,MT,2026-09-16
Thiruvarur,To be joined,CO (R) 51,Not specified,69.78,MT,2026-09-16
Thoothukudi,To be joined,CO (R) 51,Not specified,6.87,MT,2026-09-16
Tiruppur,To be joined,CO (R) 51,Not specified,675.36,MT,2026-09-16
Tiruvannamalai,To be joined,CO (R) 51,Not specified,72.11,MT,2026-09-16
Trichy,To be joined,CO (R) 51,Not specified,0.12,MT,2026-09-16
Vellore,To be joined,CO (R) 51,Not specified,28.91,MT,2026-09-16
Villupuram,To be joined,CO (R) 51,Not specified,31.44,MT,2026-09-16
Ariyalur,To be joined,CO 43,Not specified,1.88,MT,2026-09-16
Cuddalore,To be joined,CO 43,Not specified,4.0,MT,2026-09-16
Dindigul,To be joined,CO 43,Not specified,0.0,MT,2026-09-16
Kancheepuram,To be joined,CO 43,Not specified,0.12,MT,2026-09-16
Nagapattinam,To be joined,CO 43,Not specified,0.0,MT,2026-09-16
Perambalur,To be joined,CO 43,Not specified,0.0,MT,2026-09-16
Ramanathapuram,To be joined,CO 43,Not specified,0.0,MT,2026-09-16
Sivagangai,To be joined,CO 43,Not specified,0.0,MT,2026-09-16
Thanjavur,To be joined,CO 43,Not specified,6.0,MT,2026-09-16
Thiruvallur,To be joined,CO 43,Not specified,0.0,MT,2026-09-16
Thiruvarur,To be joined,CO 43,Not specified,3.64,MT,2026-09-16
Tiruppur,To be joined,CO 43,Not specified,35.95,MT,2026-09-16
Tiruvannamalai,To be joined,CO 43,Not specified,0.0,MT,2026-09-16
Trichy,To be joined,CO 43,Not specified,3.09,MT,2026-09-16
Villupuram,To be joined,CO 43,Not specified,5.24,MT,2026-09-16
Ariyalur,To be joined,CO 47,Not specified,0.09,MT,2026-09-16
Cuddalore,To be joined,CO 47,Not specified,0.0,MT,2026-09-16
Kancheepuram,To be joined,CO 47,Not specified,0.0,MT,2026-09-16
Namakkal,To be joined,CO 47,Not specified,0.0,MT,2026-09-16
Thanjavur,To be joined,CO 47,Not specified,0.0,MT,2026-09-16
Thiruvallur,To be joined,CO 47,Not specified,0.0,MT,2026-09-16
Thiruvarur,To be joined,CO 47,Not specified,0.0,MT,2026-09-16
Tiruppur,To be joined,CO 47,Not specified,0.0,MT,2026-09-16
Ariyalur,To be joined,CO 48,Not specified,0.85,MT,2026-09-16
Kancheepuram,To be joined,CO 48,Not specified,0.0,MT,2026-09-16
Namakkal,To be joined,CO 48,Not specified,0.0,MT,2026-09-16
Thanjavur,To be joined,CO 48,Not specified,0.0,MT,2026-09-16
Thiruvallur,To be joined,CO 48,Not specified,0.0,MT,2026-09-16
Thiruvarur,To be joined,CO 48,Not specified,1.23,MT,2026-09-16
Thoothukudi,To be joined,CO 48,Not specified,0.0,MT,2026-09-16
Tiruppur,To be joined,CO 48,Not specified,0.0,MT,2026-09-16
Ariyalur,To be joined,CO R 51,Not specified,0.03,MT,2026-09-16
Cuddalore,To be joined,CO R 51,Not specified,8.4,MT,2026-09-16
Kancheepuram,To be joined,CO R 51,Not specified,9.03,MT,2026-09-16
Madurai,To be joined,CO R 51,Not specified,2.31,MT,2026-09-16
Nagapattinam,To be joined,CO R 51,Not specified,1.67,MT,2026-09-16
Namakkal,To be joined,CO R 51,Not specified,0.12,MT,2026-09-16
Salem,To be joined,CO R 51,Not specified,2.15,MT,2026-09-16
Thanjavur,To be joined,CO R 51,Not specified,12.53,MT,2026-09-16
Thiruvallur,To be joined,CO R 51,Not specified,2.61,MT,2026-09-16
Thiruvarur,To be joined,CO R 51,Not specified,13.83,MT,2026-09-16
Thoothukudi,To be joined,CO R 51,Not specified,0.0,MT,2026-09-16
Tiruppur,To be joined,CO R 51,Not specified,15.0,MT,2026-09-16
Tiruvannamalai,To be joined,CO R 51,Not specified,5.4,MT,2026-09-16
Trichy,To be joined,CO R 51,Not specified,0.0,MT,2026-09-16
Vellore,To be joined,CO R 51,Not specified,4.84,MT,2026-09-16
Ariyalur,To be joined,CO(R ) 50,Not specified,14.46,MT,2026-09-16
Erode,To be joined,CO(R ) 50,Not specified,0.52,MT,2026-09-16
Kancheepuram,To be joined,CO(R ) 50,Not specified,0.0,MT,2026-09-16
Karur,To be joined,CO(R ) 50,Not specified,0.0,MT,2026-09-16
Krishnagiri,To be joined,CO(R ) 50,Not specified,0.0,MT,2026-09-16
Madurai,To be joined,CO(R ) 50,Not specified,0.0,MT,2026-09-16
Nagapattinam,To be joined,CO(R ) 50,Not specified,8.0,MT,2026-09-16
Perambalur,To be joined,CO(R ) 50,Not specified,1.7,MT,2026-09-16
Salem,To be joined,CO(R ) 50,Not specified,8.74,MT,2026-09-16
Sivagangai,To be joined,CO(R ) 50,Not specified,2.62,MT,2026-09-16
Thanjavur,To be joined,CO(R ) 50,Not specified,119.84,MT,2026-09-16
Thirunelveli,To be joined,CO(R ) 50,Not specified,0.0,MT,2026-09-16
Thiruvarur,To be joined,CO(R ) 50,Not specified,38.8,MT,2026-09-16
Thoothukudi,To be joined,CO(R ) 50,Not specified,0.0,MT,2026-09-16
Tiruppur,To be joined,CO(R ) 50,Not specified,230.12,MT,2026-09-16
Trichy,To be joined,CO(R ) 50,Not specified,5.01,MT,2026-09-16
Villupuram,To be joined,CO(R ) 50,Not specified,2.8,MT,2026-09-16
Ariyalur,To be joined,CO(R ) 49,Not specified,0.0,MT,2026-09-16
Erode,To be joined,CO(R ) 49,Not specified,0.0,MT,2026-09-16
Kancheepuram,To be joined,CO(R ) 49,Not specified,0.0,MT,2026-09-16
Ramanathapuram,To be joined,CO(R ) 49,Not specified,0.0,MT,2026-09-16
Sivagangai,To be joined,CO(R ) 49,Not specified,15.1,MT,2026-09-16
Thanjavur,To be joined,CO(R ) 49,Not specified,0.0,MT,2026-09-16
Tiruppur,To be joined,CO(R ) 49,Not specified,0.0,MT,2026-09-16
Salem,To be joined,CO(R)50,Not specified,0.1,MT,2026-09-16
Thiruvarur,To be joined,CO(R)50,Not specified,0.0,MT,2026-09-16
Tiruppur,To be joined,CO(R)50,Not specified,0.0,MT,2026-09-16
Coimbatore,To be joined,CO(R)51,Not specified,0.2,MT,2026-09-16
Kancheepuram,To be joined,CO(R)51,Not specified,0.39,MT,2026-09-16
Nagapattinam,To be joined,CO(R)51,Not specified,0.0,MT,2026-09-16
Salem,To be joined,CO(R)51,Not specified,0.08,MT,2026-09-16
Thanjavur,To be joined,CO(R)51,Not specified,0.0,MT,2026-09-16
Thiruvarur,To be joined,CO(R)51,Not specified,1.5,MT,2026-09-16
Tiruppur,To be joined,CO(R)51,Not specified,0.2,MT,2026-09-16
Ariyalur,To be joined,CR 1009,Not specified,18.16,MT,2026-09-16
Chennai,To be joined,CR 1009,Not specified,0.0,MT,2026-09-16
Coimbatore,To be joined,CR 1009,Not specified,0.0,MT,2026-09-16
Cuddalore,To be joined,CR 1009,Not specified,214.86,MT,2026-09-16
Dindigul,To be joined,CR 1009,Not specified,0.05,MT,2026-09-16
Erode,To be joined,CR 1009,Not specified,0.15,MT,2026-09-16
Kancheepuram,To be joined,CR 1009,Not specified,0.0,MT,2026-09-16
Kanyakumari,To be joined,CR 1009,Not specified,0.0,MT,2026-09-16
Krishnagiri,To be joined,CR 1009,Not specified,0.0,MT,2026-09-16
Madurai,To be joined,CR 1009,Not specified,6.9,MT,2026-09-16
Nagapattinam,To be joined,CR 1009,Not specified,160.5,MT,2026-09-16
Namakkal,To be joined,CR 1009,Not specified,42.25,MT,2026-09-16
Perambalur,To be joined,CR 1009,Not specified,0.0,MT,2026-09-16
Pudukkottai,To be joined,CR 1009,Not specified,0.0,MT,2026-09-16
Thanjavur,To be joined,CR 1009,Not specified,343.07,MT,2026-09-16
Thirunelveli,To be joined,CR 1009,Not specified,0.0,MT,2026-09-16
Thiruvallur,To be joined,CR 1009,Not specified,2.61,MT,2026-09-16
Thiruvarur,To be joined,CR 1009,Not specified,399.75,MT,2026-09-16
Thoothukudi,To be joined,CR 1009,Not specified,0.0,MT,2026-09-16
Tiruppur,To be joined,CR 1009,Not specified,116.81,MT,2026-09-16
Trichy,To be joined,CR 1009,Not specified,5.46,MT,2026-09-16
Vellore,To be joined,CR 1009,Not specified,0.0,MT,2026-09-16
Villupuram,To be joined,CR 1009,Not specified,20.81,MT,2026-09-16
Ariyalur,To be joined,CR-Subi,Not specified,0.0,MT,2026-09-16
Krishnagiri,To be joined,CR-Subi,Not specified,0.0,MT,2026-09-16
Nagapattinam,To be joined,CR-Subi,Not specified,0.0,MT,2026-09-16
Tiruppur,To be joined,CR-Subi,Not specified,0.0,MT,2026-09-16
Madurai,To be joined,Daftari 100,Not specified,0.0,MT,2026-09-16
Madurai,To be joined,Daftari 30,Not specified,0.0,MT,2026-09-16
Ariyalur,To be joined,Daftari Shree 1008,Not specified,0.0,MT,2026-09-16
Dharmapuri,To be joined,Daftari Shree 1008,Not specified,0.25,MT,2026-09-16
Karur,To be joined,Daftari Shree 1008,Not specified,0.25,MT,2026-09-16
Krishnagiri,To be joined,Daftari Shree 1008,Not specified,0.25,MT,2026-09-16
Madurai,To be joined,Daftari Shree 1008,Not specified,0.0,MT,2026-09-16
Nagapattinam,To be joined,Daftari Shree 1008,Not specified,0.0,MT,2026-09-16
Virudhunagar,To be joined,Daftari Shree 1008,Not specified,0.0,MT,2026-09-16
Ariyalur,To be joined,Dhanista,Not specified,2.4,MT,2026-09-16
Dharmapuri,To be joined,Dhanista,Not specified,4.8,MT,2026-09-16
Krishnagiri,To be joined,Dhanista,Not specified,4.14,MT,2026-09-16
Namakkal,To be joined,Dhanista,Not specified,0.15,MT,2026-09-16
Salem,To be joined,Dhanista,Not specified,2.96,MT,2026-09-16
Thirunelveli,To be joined,Dhanista,Not specified,0.0,MT,2026-09-16
Tiruvannamalai,To be joined,Dhanista,Not specified,0.0,MT,2026-09-16
Trichy,To be joined,Dhanista,Not specified,0.38,MT,2026-09-16
Vellore,To be joined,Dhanista,Not specified,0.0,MT,2026-09-16
Virudhunagar,To be joined,Dhanista,Not specified,0.0,MT,2026-09-16
Madurai,To be joined,EKTA,Not specified,0.0,MT,2026-09-16
Thirunelveli,To be joined,EKTA,Not specified,0.0,MT,2026-09-16
Tiruppur,To be joined,EKTA,Not specified,0.0,MT,2026-09-16
Ariyalur,To be joined,Goraknath 509,Not specified,0.0,MT,2026-09-16
Coimbatore,To be joined,Goraknath 509,Not specified,6.8,MT,2026-09-16
Dindigul,To be joined,Goraknath 509,Not specified,0.0,MT,2026-09-16
Karur,To be joined,Goraknath 509,Not specified,0.0,MT,2026-09-16
Krishnagiri,To be joined,Goraknath 509,Not specified,0.0,MT,2026-09-16
Nagapattinam,To be joined,Goraknath 509,Not specified,0.0,MT,2026-09-16
Salem,To be joined,Goraknath 509,Not specified,0.0,MT,2026-09-16
Theni,To be joined,Goraknath 509,Not specified,0.0,MT,2026-09-16
Thiruvarur,To be joined,Goraknath 509,Not specified,0.0,MT,2026-09-16
Thoothukudi,To be joined,Goraknath 509,Not specified,0.0,MT,2026-09-16
Tiruvannamalai,To be joined,Goraknath 509,Not specified,0.0,MT,2026-09-16
Vellore,To be joined,Goraknath 509,Not specified,0.05,MT,2026-09-16
Ariyalur,To be joined,IR 20,Not specified,2.73,MT,2026-09-16
Coimbatore,To be joined,IR 20,Not specified,20.04,MT,2026-09-16
Cuddalore,To be joined,IR 20,Not specified,3.84,MT,2026-09-16
Dharmapuri,To be joined,IR 20,Not specified,0.0,MT,2026-09-16
Dindigul,To be joined,IR 20,Not specified,0.0,MT,2026-09-16
Erode,To be joined,IR 20,Not specified,0.0,MT,2026-09-16
Kancheepuram,To be joined,IR 20,Not specified,0.0,MT,2026-09-16
Karur,To be joined,IR 20,Not specified,3.0,MT,2026-09-16
Krishnagiri,To be joined,IR 20,Not specified,3.0,MT,2026-09-16
Madurai,To be joined,IR 20,Not specified,2.22,MT,2026-09-16
Nagapattinam,To be joined,IR 20,Not specified,5.01,MT,2026-09-16
Namakkal,To be joined,IR 20,Not specified,17.58,MT,2026-09-16
Perambalur,To be joined,IR 20,Not specified,0.0,MT,2026-09-16
Ramanathapuram,To be joined,IR 20,Not specified,0.0,MT,2026-09-16
Salem,To be joined,IR 20,Not specified,0.42,MT,2026-09-16
Sivagangai,To be joined,IR 20,Not specified,0.0,MT,2026-09-16
Thanjavur,To be joined,IR 20,Not specified,23.87,MT,2026-09-16
Theni,To be joined,IR 20,Not specified,0.02,MT,2026-09-16
Thirunelveli,To be joined,IR 20,Not specified,0.0,MT,2026-09-16
Thiruvallur,To be joined,IR 20,Not specified,0.4,MT,2026-09-16
Thiruvarur,To be joined,IR 20,Not specified,15.19,MT,2026-09-16
Tiruppur,To be joined,IR 20,Not specified,10.43,MT,2026-09-16
Trichy,To be joined,IR 20,Not specified,11.82,MT,2026-09-16
Villupuram,To be joined,IR 20,Not specified,0.0,MT,2026-09-16
Virudhunagar,To be joined,IR 20,Not specified,0.0,MT,2026-09-16
Ariyalur,To be joined,IR 36,Not specified,0.0,MT,2026-09-16
Cuddalore,To be joined,IR 36,Not specified,0.0,MT,2026-09-16
Kancheepuram,To be joined,IR 36,Not specified,0.0,MT,2026-09-16
Madurai,To be joined,IR 36,Not specified,4.98,MT,2026-09-16
Nagapattinam,To be joined,IR 36,Not specified,0.0,MT,2026-09-16
Namakkal,To be joined,IR 36,Not specified,0.0,MT,2026-09-16
Ramanathapuram,To be joined,IR 36,Not specified,0.0,MT,2026-09-16
Sivagangai,To be joined,IR 36,Not specified,0.0,MT,2026-09-16
Thanjavur,To be joined,IR 36,Not specified,0.0,MT,2026-09-16
Thirunelveli,To be joined,IR 36,Not specified,0.0,MT,2026-09-16
Thiruvarur,To be joined,IR 36,Not specified,0.0,MT,2026-09-16
Thoothukudi,To be joined,IR 36,Not specified,0.0,MT,2026-09-16
Tiruppur,To be joined,IR 36,Not specified,0.0,MT,2026-09-16
Virudhunagar,To be joined,IR 36,Not specified,0.0,MT,2026-09-16
Ariyalur,To be joined,IR 64,Not specified,0.0,MT,2026-09-16
Kancheepuram,To be joined,IR 64,Not specified,0.0,MT,2026-09-16
Madurai,To be joined,IR 64,Not specified,11.06,MT,2026-09-16
Namakkal,To be joined,IR 64,Not specified,0.0,MT,2026-09-16
Tiruppur,To be joined,IR 64,Not specified,0.0,MT,2026-09-16
Virudhunagar,To be joined,IR 64,Not specified,0.0,MT,2026-09-16
Kancheepuram,To be joined,IR.66,Not specified,0.0,MT,2026-09-16
Nagapattinam,To be joined,IR.66,Not specified,0.0,MT,2026-09-16
Namakkal,To be joined,IR.66,Not specified,0.0,MT,2026-09-16
Thanjavur,To be joined,IR.66,Not specified,0.0,MT,2026-09-16
Thirunelveli,To be joined,IR.66,Not specified,0.0,MT,2026-09-16
Thiruvallur,To be joined,IR.66,Not specified,0.0,MT,2026-09-16
Tiruppur,To be joined,IR.66,Not specified,0.0,MT,2026-09-16
Ariyalur,To be joined,IR20,Not specified,1.53,MT,2026-09-16
Erode,To be joined,IR20,Not specified,0.0,MT,2026-09-16
Namakkal,To be joined,IR20,Not specified,0.82,MT,2026-09-16
Salem,To be joined,IR20,Not specified,1.32,MT,2026-09-16
Thanjavur,To be joined,IR20,Not specified,3.0,MT,2026-09-16
Thirunelveli,To be joined,IR20,Not specified,0.0,MT,2026-09-16
Trichy,To be joined,IR20,Not specified,0.0,MT,2026-09-16
Dharmapuri,To be joined,Iswarya,Not specified,0.31,MT,2026-09-16
Krishnagiri,To be joined,Iswarya,Not specified,0.24,MT,2026-09-16
Salem,To be joined,Iswarya,Not specified,0.0,MT,2026-09-16
Thirunelveli,To be joined,Iswarya,Not specified,0.0,MT,2026-09-16
Trichy,To be joined,Iswarya,Not specified,4.4,MT,2026-09-16
Virudhunagar,To be joined,Iswarya,Not specified,0.0,MT,2026-09-16
Dharmapuri,To be joined,IW PONNI,Not specified,1.32,MT,2026-09-16
Krishnagiri,To be joined,IW PONNI,Not specified,1.05,MT,2026-09-16
Thiruvarur,To be joined,IW PONNI,Not specified,75.0,MT,2026-09-16
Villupuram,To be joined,IW PONNI,Not specified,7.65,MT,2026-09-16
Coimbatore,To be joined,IWP,Not specified,0.0,MT,2026-09-16
Cuddalore,To be joined,IWP,Not specified,14.46,MT,2026-09-16
Dharmapuri,To be joined,IWP,Not specified,0.28,MT,2026-09-16
Erode,To be joined,IWP,Not specified,0.0,MT,2026-09-16
Kancheepuram,To be joined,IWP,Not specified,4.0,MT,2026-09-16
Krishnagiri,To be joined,IWP,Not specified,0.0,MT,2026-09-16
Madurai,To be joined,IWP,Not specified,0.0,MT,2026-09-16
Nagapattinam,To be joined,IWP,Not specified,0.0,MT,2026-09-16
Namakkal,To be joined,IWP,Not specified,0.12,MT,2026-09-16
Pudukkottai,To be joined,IWP,Not specified,0.0,MT,2026-09-16
Salem,To be joined,IWP,Not specified,13.83,MT,2026-09-16
Thiruvallur,To be joined,IWP,Not specified,0.0,MT,2026-09-16
Thiruvarur,To be joined,IWP,Not specified,2.5,MT,2026-09-16
Tiruppur,To be joined,IWP,Not specified,0.0,MT,2026-09-16
Tiruvannamalai,To be joined,IWP,Not specified,0.0,MT,2026-09-16
Trichy,To be joined,IWP,Not specified,0.0,MT,2026-09-16
Vellore,To be joined,IWP,Not specified,0.0,MT,2026-09-16
Villupuram,To be joined,IWP,Not specified,3.76,MT,2026-09-16
Krishnagiri,To be joined,Jai Ganesh,Not specified,0.2,MT,2026-09-16
Madurai,To be joined,Jai Ganesh,Not specified,1.84,MT,2026-09-16
Salem,To be joined,Jai Ganesh,Not specified,0.0,MT,2026-09-16
Theni,To be joined,Jai Ganesh,Not specified,0.01,MT,2026-09-16
Trichy,To be joined,Jayanthi,Not specified,5.08,MT,2026-09-16
Ariyalur,To be joined,JGL 1798,Not specified,0.2,MT,2026-09-16
Cuddalore,To be joined,JGL 1798,Not specified,13.95,MT,2026-09-16
Erode,To be joined,JGL 1798,Not specified,0.0,MT,2026-09-16
Madurai,To be joined,JGL 1798,Not specified,31.11,MT,2026-09-16
Nagapattinam,To be joined,JGL 1798,Not specified,0.0,MT,2026-09-16
Namakkal,To be joined,JGL 1798,Not specified,0.0,MT,2026-09-16
Pudukkottai,To be joined,JGL 1798,Not specified,0.0,MT,2026-09-16
Ramanathapuram,To be joined,JGL 1798,Not specified,0.0,MT,2026-09-16
Salem,To be joined,JGL 1798,Not specified,0.0,MT,2026-09-16
Sivagangai,To be joined,JGL 1798,Not specified,26.38,MT,2026-09-16
Thirunelveli,To be joined,JGL 1798,Not specified,14.8,MT,2026-09-16
Thiruvallur,To be joined,JGL 1798,Not specified,6.0,MT,2026-09-16
Thiruvarur,To be joined,JGL 1798,Not specified,0.0,MT,2026-09-16
Thoothukudi,To be joined,JGL 1798,Not specified,7.74,MT,2026-09-16
Tiruppur,To be joined,JGL 1798,Not specified,0.0,MT,2026-09-16
Trichy,To be joined,JGL 1798,Not specified,8.22,MT,2026-09-16
Virudhunagar,To be joined,JGL 1798,Not specified,21.37,MT,2026-09-16
Coimbatore,To be joined,Jyothi,Not specified,0.0,MT,2026-09-16
Madurai,To be joined,Jyothi,Not specified,12.27,MT,2026-09-16
Ramanathapuram,To be joined,Jyothi,Not specified,0.0,MT,2026-09-16
Sivagangai,To be joined,Jyothi,Not specified,0.0,MT,2026-09-16
Thanjavur,To be joined,Jyothi,Not specified,0.0,MT,2026-09-16
Thirunelveli,To be joined,Jyothi,Not specified,0.0,MT,2026-09-16
Tiruppur,To be joined,Jyothi,Not specified,0.0,MT,2026-09-16
Ariyalur,To be joined,Jyothika,Not specified,0.0,MT,2026-09-16
Dharmapuri,To be joined,Jyothika,Not specified,0.06,MT,2026-09-16
Madurai,To be joined,Jyothika,Not specified,0.0,MT,2026-09-16
Nagapattinam,To be joined,Jyothika,Not specified,0.0,MT,2026-09-16
Thirunelveli,To be joined,Jyothika,Not specified,0.0,MT,2026-09-16
Thiruvallur,To be joined,Jyothika,Not specified,0.0,MT,2026-09-16
Tiruvannamalai,To be joined,Jyothika,Not specified,0.0,MT,2026-09-16
Vellore,To be joined,Jyothika,Not specified,0.0,MT,2026-09-16
Dharmapuri,To be joined,Kareena,Not specified,0.19,MT,2026-09-16
Salem,To be joined,Kareena,Not specified,0.0,MT,2026-09-16
Theni,To be joined,Kareena,Not specified,0.15,MT,2026-09-16
Krishnagiri,To be joined,Karina,Not specified,0.02,MT,2026-09-16
Namakkal,To be joined,Karina,Not specified,0.0,MT,2026-09-16
Tiruvannamalai,To be joined,Karina,Not specified,0.0,MT,2026-09-16
Trichy,To be joined,Karina,Not specified,0.0,MT,2026-09-16
Thirunelveli,To be joined,Komal,Not specified,10.0,MT,2026-09-16
Thoothukudi,To be joined,Komal,Not specified,0.0,MT,2026-09-16
Trichy,To be joined,Komal,Not specified,0.0,MT,2026-09-16
Vellore,To be joined,Komal,Not specified,0.05,MT,2026-09-16
Dharmapuri,To be joined,Krishna Jayanthi,Not specified,0.01,MT,2026-09-16
Krishnagiri,To be joined,Krishna Jayanthi,Not specified,0.5,MT,2026-09-16
Tiruvannamalai,To be joined,Krishna Jayanthi,Not specified,0.0,MT,2026-09-16
Trichy,To be joined,Krishna Jayanthi,Not specified,4.44,MT,2026-09-16
Ariyalur,To be joined,MDU 5,Not specified,0.0,MT,2026-09-16
Thanjavur,To be joined,MDU 5,Not specified,3.0,MT,2026-09-16
Thiruvallur,To be joined,MDU 5,Not specified,18.27,MT,2026-09-16
Tiruppur,To be joined,MDU 5,Not specified,0.0,MT,2026-09-16
Virudhunagar,To be joined,MDU 5,Not specified,0.0,MT,2026-09-16
Dharmapuri,To be joined,Meenakshi,Not specified,0.39,MT,2026-09-16
Krishnagiri,To be joined,Meenakshi,Not specified,11.66,MT,2026-09-16
Madurai,To be joined,Meenakshi,Not specified,0.0,MT,2026-09-16
Thirunelveli,To be joined,Meenakshi,Not specified,0.0,MT,2026-09-16
Vellore,To be joined,Meenakshi,Not specified,0.3,MT,2026-09-16
Virudhunagar,To be joined,Meenakshi,Not specified,0.25,MT,2026-09-16
Ariyalur,To be joined,MPR 606,Not specified,0.08,MT,2026-09-16
Kancheepuram,To be joined,MPR 606,Not specified,0.01,MT,2026-09-16
Madurai,To be joined,MPR 606,Not specified,0.28,MT,2026-09-16
Thirunelveli,To be joined,MPR 606,Not specified,0.0,MT,2026-09-16
Thiruvallur,To be joined,MPR 606,Not specified,4.0,MT,2026-09-16
Tiruvannamalai,To be joined,MPR 606,Not specified,0.42,MT,2026-09-16
Vellore,To be joined,MPR 606,Not specified,0.0,MT,2026-09-16
Villupuram,To be joined,MPR 606,Not specified,0.38,MT,2026-09-16
Virudhunagar,To be joined,MPR 606,Not specified,0.0,MT,2026-09-16
Krishnagiri,To be joined,MRP5407,Not specified,0.2,MT,2026-09-16
Erode,To be joined,MRP5491,Not specified,0.32,MT,2026-09-16
Krishnagiri,To be joined,MRP5491,Not specified,0.0,MT,2026-09-16
Thirunelveli,To be joined,MRP5491,Not specified,0.0,MT,2026-09-16
Vellore,To be joined,MRP5491,Not specified,7.26,MT,2026-09-16
Krishnagiri,To be joined,MRP5629,Not specified,0.01,MT,2026-09-16
Kancheepuram,To be joined,MTU 1010,Not specified,1.02,MT,2026-09-16
Thiruvallur,To be joined,MTU 1010,Not specified,68.58,MT,2026-09-16
Tiruppur,To be joined,MTU 1010,Not specified,0.0,MT,2026-09-16
Madurai,To be joined,MTU 7029,Not specified,0.0,MT,2026-09-16
Nagapattinam,To be joined,MTU 7029,Not specified,0.0,MT,2026-09-16
Thanjavur,To be joined,MTU 7029,Not specified,10.2,MT,2026-09-16
Thiruvarur,To be joined,MTU 7029,Not specified,0.0,MT,2026-09-16
Tiruppur,To be joined,MTU 7029,Not specified,60.0,MT,2026-09-16
Madurai,To be joined,Naman,Not specified,0.0,MT,2026-09-16
Chennai,To be joined,NLR 34449,Not specified,0.0,MT,2026-09-16
Cuddalore,To be joined,NLR 34449,Not specified,47.8,MT,2026-09-16
Kancheepuram,To be joined,NLR 34449,Not specified,96.27,MT,2026-09-16
Krishnagiri,To be joined,NLR 34449,Not specified,0.0,MT,2026-09-16
Madurai,To be joined,NLR 34449,Not specified,32.17,MT,2026-09-16
Namakkal,To be joined,NLR 34449,Not specified,1.47,MT,2026-09-16
Pudukkottai,To be joined,NLR 34449,Not specified,3.76,MT,2026-09-16
Ramanathapuram,To be joined,NLR 34449,Not specified,0.0,MT,2026-09-16
Salem,To be joined,NLR 34449,Not specified,5.0,MT,2026-09-16
Sivagangai,To be joined,NLR 34449,Not specified,62.92,MT,2026-09-16
Thanjavur,To be joined,NLR 34449,Not specified,109.87,MT,2026-09-16
Theni,To be joined,NLR 34449,Not specified,6.46,MT,2026-09-16
Thirunelveli,To be joined,NLR 34449,Not specified,0.51,MT,2026-09-16
Thiruvallur,To be joined,NLR 34449,Not specified,48.01,MT,2026-09-16
Thiruvarur,To be joined,NLR 34449,Not specified,10.61,MT,2026-09-16
Thoothukudi,To be joined,NLR 34449,Not specified,11.94,MT,2026-09-16
Tiruppur,To be joined,NLR 34449,Not specified,0.0,MT,2026-09-16
Tiruvannamalai,To be joined,NLR 34449,Not specified,6.3,MT,2026-09-16
Trichy,To be joined,NLR 34449,Not specified,0.0,MT,2026-09-16
Vellore,To be joined,NLR 34449,Not specified,1.33,MT,2026-09-16
Villupuram,To be joined,NLR 34449,Not specified,0.48,MT,2026-09-16
Virudhunagar,To be joined,NLR 34449,Not specified,7.96,MT,2026-09-16
Coimbatore,To be joined,NP3114-Sonal,Not specified,0.0,MT,2026-09-16
Madurai,To be joined,NP3114-Sonal,Not specified,0.0,MT,2026-09-16
Salem,To be joined,NP3114-Sonal,Not specified,0.0,MT,2026-09-16
Theni,To be joined,NP3114-Sonal,Not specified,0.0,MT,2026-09-16
Thirunelveli,To be joined,NP3114-Sonal,Not specified,0.0,MT,2026-09-16
Tiruvannamalai,To be joined,NP3114-Sonal,Not specified,2.11,MT,2026-09-16
Vellore,To be joined,NP3114-Sonal,Not specified,0.0,MT,2026-09-16
Krishnagiri,To be joined,NP459-Tmpthi,Not specified,0.0,MT,2026-09-16
Tiruvannamalai,To be joined,NP459-Tmpthi,Not specified,0.0,MT,2026-09-16
Madurai,To be joined,NP9164-Surabi,Not specified,0.0,MT,2026-09-16
Thirunelveli,To be joined,NP9164-Surabi,Not specified,1.16,MT,2026-09-16
Tiruvannamalai,To be joined,NP9164-Surabi,Not specified,0.0,MT,2026-09-16
Virudhunagar,To be joined,NP9164-Surabi,Not specified,0.7,MT,2026-09-16
Trichy,To be joined,Omkar,Not specified,7.15,MT,2026-09-16
Ariyalur,To be joined,OTHERS,Not specified,0.9,MT,2026-09-16
Coimbatore,To be joined,OTHERS,Not specified,5.41,MT,2026-09-16
Cuddalore,To be joined,OTHERS,Not specified,5.62,MT,2026-09-16
Dharmapuri,To be joined,OTHERS,Not specified,16.6,MT,2026-09-16
Dindigul,To be joined,OTHERS,Not specified,67.98,MT,2026-09-16
Erode,To be joined,OTHERS,Not specified,0.12,MT,2026-09-16
Kancheepuram,To be joined,OTHERS,Not specified,55.1,MT,2026-09-16
Kanyakumari,To be joined,OTHERS,Not specified,0.0,MT,2026-09-16
Karur,To be joined,OTHERS,Not specified,0.0,MT,2026-09-16
Krishnagiri,To be joined,OTHERS,Not specified,5.65,MT,2026-09-16
Madurai,To be joined,OTHERS,Not specified,32.82,MT,2026-09-16
Nagapattinam,To be joined,OTHERS,Not specified,0.0,MT,2026-09-16
Namakkal,To be joined,OTHERS,Not specified,0.07,MT,2026-09-16
Perambalur,To be joined,OTHERS,Not specified,1.2,MT,2026-09-16
Pudukkottai,To be joined,OTHERS,Not specified,0.0,MT,2026-09-16
Ramanathapuram,To be joined,OTHERS,Not specified,0.0,MT,2026-09-16
Salem,To be joined,OTHERS,Not specified,7.78,MT,2026-09-16
Sivagangai,To be joined,OTHERS,Not specified,43.11,MT,2026-09-16
Thanjavur,To be joined,OTHERS,Not specified,26.54,MT,2026-09-16
Theni,To be joined,OTHERS,Not specified,0.04,MT,2026-09-16
Thirunelveli,To be joined,OTHERS,Not specified,5.15,MT,2026-09-16
Thiruvallur,To be joined,OTHERS,Not specified,27.2,MT,2026-09-16
Thiruvarur,To be joined,OTHERS,Not specified,0.0,MT,2026-09-16
Thoothukudi,To be joined,OTHERS,Not specified,24.8,MT,2026-09-16
Tiruppur,To be joined,OTHERS,Not specified,50.0,MT,2026-09-16
Tiruvannamalai,To be joined,OTHERS,Not specified,17.69,MT,2026-09-16
Trichy,To be joined,OTHERS,Not specified,87.16,MT,2026-09-16
Vellore,To be joined,OTHERS,Not specified,3.87,MT,2026-09-16
Villupuram,To be joined,OTHERS,Not specified,1.87,MT,2026-09-16
Virudhunagar,To be joined,OTHERS,Not specified,10.18,MT,2026-09-16
Krishnagiri,To be joined,Pooja,Not specified,0.0,MT,2026-09-16
Thiruvallur,To be joined,Pooja,Not specified,0.0,MT,2026-09-16
Thoothukudi,To be joined,Pooja,Not specified,0.0,MT,2026-09-16
Tiruvannamalai,To be joined,Pooja,Not specified,0.0,MT,2026-09-16
Vellore,To be joined,Pooja,Not specified,0.0,MT,2026-09-16
Coimbatore,To be joined,Rajini,Not specified,22.13,MT,2026-09-16
Krishnagiri,To be joined,Rajini,Not specified,0.18,MT,2026-09-16
Madurai,To be joined,Rajini,Not specified,0.0,MT,2026-09-16
Salem,To be joined,Rajini,Not specified,0.08,MT,2026-09-16
Tiruvannamalai,To be joined,Rajini,Not specified,0.0,MT,2026-09-16
Vellore,To be joined,Rajini,Not specified,0.18,MT,2026-09-16
Dharmapuri,To be joined,Rasi Pavithra,Not specified,0.12,MT,2026-09-16
Krishnagiri,To be joined,Rasi Pavithra,Not specified,2.8,MT,2026-09-16
Madurai,To be joined,Rasi Pavithra,Not specified,0.5,MT,2026-09-16
Salem,To be joined,Rasi Pavithra,Not specified,0.06,MT,2026-09-16
Sivagangai,To be joined,Rasi Pavithra,Not specified,0.0,MT,2026-09-16
Theni,To be joined,Rasi Pavithra,Not specified,0.03,MT,2026-09-16
Thirunelveli,To be joined,Rasi Pavithra,Not specified,0.0,MT,2026-09-16
Tiruvannamalai,To be joined,Rasi Pavithra,Not specified,0.0,MT,2026-09-16
Vellore,To be joined,Rasi Pavithra,Not specified,0.13,MT,2026-09-16
Thanjavur,To be joined,Reshma 5555,Not specified,0.0,MT,2026-09-16
Thiruvallur,To be joined,Reshma 5555,Not specified,1.5,MT,2026-09-16
Kancheepuram,To be joined,Sadhana,Not specified,0.0,MT,2026-09-16
Salem,To be joined,Sadhana,Not specified,0.08,MT,2026-09-16
Thirunelveli,To be joined,Sadhana,Not specified,0.0,MT,2026-09-16
Thiruvallur,To be joined,Sadhana,Not specified,0.0,MT,2026-09-16
Tiruppur,To be joined,Sadhana,Not specified,0.0,MT,2026-09-16
Trichy,To be joined,Sadhana,Not specified,0.8,MT,2026-09-16
Vellore,To be joined,Sadhana,Not specified,0.04,MT,2026-09-16
Virudhunagar,To be joined,Sadhana,Not specified,0.0,MT,2026-09-16
Dindigul,To be joined,Sindhu,Not specified,3.34,MT,2026-09-16
Krishnagiri,To be joined,Sindhu,Not specified,0.08,MT,2026-09-16
Dindigul,To be joined,Sona,Not specified,2.88,MT,2026-09-16
Karur,To be joined,Sona,Not specified,0.0,MT,2026-09-16
Krishnagiri,To be joined,Sona,Not specified,0.04,MT,2026-09-16
Madurai,To be joined,Sona,Not specified,0.28,MT,2026-09-16
Salem,To be joined,Sona,Not specified,0.0,MT,2026-09-16
Thirunelveli,To be joined,Sona,Not specified,0.0,MT,2026-09-16
Vellore,To be joined,Sona,Not specified,0.0,MT,2026-09-16
Coimbatore,To be joined,Sonal (NP 3114),Not specified,0.0,MT,2026-09-16
Dindigul,To be joined,Sonal (NP 3114),Not specified,2.0,MT,2026-09-16
Erode,To be joined,Sonal (NP 3114),Not specified,0.0,MT,2026-09-16
Madurai,To be joined,Sonal (NP 3114),Not specified,0.0,MT,2026-09-16
Ramanathapuram,To be joined,Sonal (NP 3114),Not specified,0.0,MT,2026-09-16
Thirunelveli,To be joined,Sonal (NP 3114),Not specified,0.48,MT,2026-09-16
Tiruvannamalai,To be joined,Sonal (NP 3114),Not specified,6.77,MT,2026-09-16
Dharmapuri,To be joined,Sonali,Not specified,0.0,MT,2026-09-16
Tiruppur,To be joined,Sonali,Not specified,0.0,MT,2026-09-16
Dharmapuri,To be joined,Sonam,Not specified,0.01,MT,2026-09-16
Krishnagiri,To be joined,Sonam,Not specified,0.0,MT,2026-09-16
Madurai,To be joined,Sonam,Not specified,14.69,MT,2026-09-16
Namakkal,To be joined,Sonam,Not specified,0.03,MT,2026-09-16
Ramanathapuram,To be joined,Sonam,Not specified,0.0,MT,2026-09-16
Salem,To be joined,Sonam,Not specified,0.1,MT,2026-09-16
Thiruvallur,To be joined,Sonam,Not specified,20.6,MT,2026-09-16
Tiruvannamalai,To be joined,Sonam,Not specified,0.4,MT,2026-09-16
Trichy,To be joined,Sonam,Not specified,0.0,MT,2026-09-16
Vellore,To be joined,Sonam,Not specified,0.51,MT,2026-09-16
Ariyalur,To be joined,Sowbhagya,Not specified,0.08,MT,2026-09-16
Dharmapuri,To be joined,Sowbhagya,Not specified,0.05,MT,2026-09-16
Krishnagiri,To be joined,Sowbhagya,Not specified,1.08,MT,2026-09-16
Madurai,To be joined,Sowbhagya,Not specified,0.0,MT,2026-09-16
Ramanathapuram,To be joined,Sowbhagya,Not specified,0.0,MT,2026-09-16
Theni,To be joined,Sowbhagya,Not specified,0.28,MT,2026-09-16
Thirunelveli,To be joined,Sowbhagya,Not specified,0.92,MT,2026-09-16
Thiruvallur,To be joined,Sowbhagya,Not specified,4.2,MT,2026-09-16
Tiruvannamalai,To be joined,Sowbhagya,Not specified,4.82,MT,2026-09-16
Trichy,To be joined,Sowbhagya,Not specified,0.0,MT,2026-09-16
Vellore,To be joined,Sowbhagya,Not specified,0.0,MT,2026-09-16
Virudhunagar,To be joined,Sowbhagya,Not specified,0.31,MT,2026-09-16
Ariyalur,To be joined,SUB 1,Not specified,2.1,MT,2026-09-16
Coimbatore,To be joined,SUB 1,Not specified,0.0,MT,2026-09-16
Erode,To be joined,SUB 1,Not specified,65.1,MT,2026-09-16
Madurai,To be joined,SUB 1,Not specified,0.0,MT,2026-09-16
Nagapattinam,To be joined,SUB 1,Not specified,6.0,MT,2026-09-16
Namakkal,To be joined,SUB 1,Not specified,0.0,MT,2026-09-16
Thanjavur,To be joined,SUB 1,Not specified,74.44,MT,2026-09-16
Tiruppur,To be joined,SUB 1,Not specified,30.3,MT,2026-09-16
Dharmapuri,To be joined,Super Amman,Not specified,0.8,MT,2026-09-16
Krishnagiri,To be joined,Super Amman,Not specified,5.04,MT,2026-09-16
Madurai,To be joined,Super Amman,Not specified,0.74,MT,2026-09-16
Thirunelveli,To be joined,Super Amman,Not specified,1.68,MT,2026-09-16
Tiruvannamalai,To be joined,Super Amman,Not specified,0.0,MT,2026-09-16
Trichy,To be joined,Super Amman,Not specified,0.0,MT,2026-09-16
Vellore,To be joined,Super Amman,Not specified,0.7,MT,2026-09-16
Virudhunagar,To be joined,Super Amman,Not specified,0.0,MT,2026-09-16
Ariyalur,To be joined,Super BPT,Not specified,0.0,MT,2026-09-16
Krishnagiri,To be joined,Super BPT,Not specified,0.0,MT,2026-09-16
Thanjavur,To be joined,Super BPT,Not specified,0.0,MT,2026-09-16
Thirunelveli,To be joined,Super BPT,Not specified,0.0,MT,2026-09-16
Virudhunagar,To be joined,Super BPT,Not specified,0.0,MT,2026-09-16
Ariyalur,To be joined,TKM 13,Not specified,0.06,MT,2026-09-16
Cuddalore,To be joined,TKM 13,Not specified,0.0,MT,2026-09-16
Kancheepuram,To be joined,TKM 13,Not specified,0.54,MT,2026-09-16
Krishnagiri,To be joined,TKM 13,Not specified,0.6,MT,2026-09-16
Madurai,To be joined,TKM 13,Not specified,0.06,MT,2026-09-16
Namakkal,To be joined,TKM 13,Not specified,0.0,MT,2026-09-16
Pudukkottai,To be joined,TKM 13,Not specified,0.0,MT,2026-09-16
Ramanathapuram,To be joined,TKM 13,Not specified,0.0,MT,2026-09-16
Salem,To be joined,TKM 13,Not specified,1.75,MT,2026-09-16
Sivagangai,To be joined,TKM 13,Not specified,0.0,MT,2026-09-16
Thanjavur,To be joined,TKM 13,Not specified,0.0,MT,2026-09-16
Theni,To be joined,TKM 13,Not specified,0.02,MT,2026-09-16
Thirunelveli,To be joined,TKM 13,Not specified,0.0,MT,2026-09-16
Thiruvallur,To be joined,TKM 13,Not specified,0.0,MT,2026-09-16
Tiruppur,To be joined,TKM 13,Not specified,0.0,MT,2026-09-16
Trichy,To be joined,TKM 13,Not specified,25.04,MT,2026-09-16
Virudhunagar,To be joined,TKM 13,Not specified,0.0,MT,2026-09-16
Cuddalore,To be joined,TKM 9,Not specified,11.58,MT,2026-09-16
Dharmapuri,To be joined,TKM 9,Not specified,0.7,MT,2026-09-16
Karur,To be joined,TKM 9,Not specified,2.0,MT,2026-09-16
Madurai,To be joined,TKM 9,Not specified,34.95,MT,2026-09-16
Nagapattinam,To be joined,TKM 9,Not specified,22.68,MT,2026-09-16
Namakkal,To be joined,TKM 9,Not specified,0.0,MT,2026-09-16
Ramanathapuram,To be joined,TKM 9,Not specified,0.0,MT,2026-09-16
Sivagangai,To be joined,TKM 9,Not specified,0.5,MT,2026-09-16
Thanjavur,To be joined,TKM 9,Not specified,7.57,MT,2026-09-16
Thirunelveli,To be joined,TKM 9,Not specified,15.78,MT,2026-09-16
Thiruvallur,To be joined,TKM 9,Not specified,0.0,MT,2026-09-16
Thiruvarur,To be joined,TKM 9,Not specified,23.5,MT,2026-09-16
Thoothukudi,To be joined,TKM 9,Not specified,18.63,MT,2026-09-16
Tiruppur,To be joined,TKM 9,Not specified,218.1,MT,2026-09-16
Tiruvannamalai,To be joined,TKM 9,Not specified,7.35,MT,2026-09-16
Trichy,To be joined,TKM 9,Not specified,0.06,MT,2026-09-16
Villupuram,To be joined,TKM 9,Not specified,13.11,MT,2026-09-16
Ariyalur,To be joined,TPS 3,Not specified,0.0,MT,2026-09-16
Kanyakumari,To be joined,TPS 3,Not specified,0.0,MT,2026-09-16
Tiruppur,To be joined,TPS 3,Not specified,0.0,MT,2026-09-16
Thirunelveli,To be joined,TPS 5,Not specified,36.25,MT,2026-09-16
Tiruppur,To be joined,TPS 5,Not specified,0.0,MT,2026-09-16
Coimbatore,To be joined,Trupthi,Not specified,0.0,MT,2026-09-16
Madurai,To be joined,Trupthi,Not specified,0.59,MT,2026-09-16
Thirunelveli,To be joined,Trupthi,Not specified,0.0,MT,2026-09-16
Tiruppur,To be joined,Trupthi,Not specified,1.4,MT,2026-09-16
Tiruvannamalai,To be joined,Trupthi,Not specified,0.0,MT,2026-09-16
Vellore,To be joined,Trupthi,Not specified,0.18,MT,2026-09-16
Ariyalur,To be joined,TRY 1,Not specified,0.06,MT,2026-09-16
Erode,To be joined,TRY 1,Not specified,0.0,MT,2026-09-16
Kanyakumari,To be joined,TRY 1,Not specified,0.0,MT,2026-09-16
Madurai,To be joined,TRY 1,Not specified,0.06,MT,2026-09-16
Nagapattinam,To be joined,TRY 1,Not specified,6.0,MT,2026-09-16
Thanjavur,To be joined,TRY 1,Not specified,0.0,MT,2026-09-16
Thirunelveli,To be joined,TRY 1,Not specified,0.18,MT,2026-09-16
Thiruvarur,To be joined,TRY 1,Not specified,0.0,MT,2026-09-16
Tiruppur,To be joined,TRY 1,Not specified,0.0,MT,2026-09-16
Trichy,To be joined,TRY 1,Not specified,1.89,MT,2026-09-16
Villupuram,To be joined,TRY 1,Not specified,0.99,MT,2026-09-16
Virudhunagar,To be joined,TRY 1,Not specified,0.0,MT,2026-09-16
Salem,To be joined,TRY 2,Not specified,1.5,MT,2026-09-16
Thanjavur,To be joined,TRY 2,Not specified,0.0,MT,2026-09-16
Tiruppur,To be joined,TRY 2,Not specified,0.0,MT,2026-09-16
Dindigul,To be joined,TRY 3,Not specified,0.0,MT,2026-09-16
Erode,To be joined,TRY 3,Not specified,0.63,MT,2026-09-16
Nagapattinam,To be joined,TRY 3,Not specified,3.0,MT,2026-09-16
Salem,To be joined,TRY 3,Not specified,6.66,MT,2026-09-16
Thanjavur,To be joined,TRY 3,Not specified,0.0,MT,2026-09-16
Thirunelveli,To be joined,TRY 3,Not specified,0.0,MT,2026-09-16
Thiruvarur,To be joined,TRY 3,Not specified,3.5,MT,2026-09-16
Tiruppur,To be joined,TRY 3,Not specified,0.0,MT,2026-09-16
Villupuram,To be joined,TRY 3,Not specified,0.35,MT,2026-09-16
Madurai,To be joined,UMA,Not specified,0.0,MT,2026-09-16
Namakkal,To be joined,UMA,Not specified,0.0,MT,2026-09-16
Thanjavur,To be joined,UMA,Not specified,0.0,MT,2026-09-16
Thiruvallur,To be joined,UMA,Not specified,0.0,MT,2026-09-16
Tiruppur,To be joined,UMA,Not specified,0.0,MT,2026-09-16
Virudhunagar,To be joined,UMA,Not specified,0.0,MT,2026-09-16
