district,crop,quantity(MT)
Ariyalur,Ash Gourd,0.02
Ariyalur,Beans,0
Ariyalur,Bengalgram,0
Ariyalur,Bhendi,1.56
Ariyalur,Bitter Gourd,0.04
Ariyalur,Blackgram,3.16
Ariyalur,Blockgram,0.5
Ariyalur,Bottlegourd,0
Ariyalur,Brinjal,0
Ariyalur,Caster,0.02
Ariyalur,Chillies,1.14
Ariyalur,Clusterbeans,0.08
Ariyalur,Cotton,3.86
Ariyalur,Cowpea,0.03
Ariyalur,Cowpea.1,0.01
Ariyalur,Cumbu,5.91
Ariyalur,Dolichos,0
Ariyalur,Greengram,0.01
Ariyalur,Greens,0
Ariyalur,Groundnut,8.31
Ariyalur,Horsegram,0.02
Ariyalur,Maize,66.64
Ariyalur,Melon,0
Ariyalur,Moringa,0
Ariyalur,Onion,0
Ariyalur,Other Vegetables,0
Ariyalur,Paddy,100.16
Ariyalur,Palak,0
Ariyalur,Papaya,0
Ariyalur,Pumpkin,0.86
Ariyalur,Radish,0.23
Ariyalur,Ragi,1.6
Ariyalur,Redgram,0
Ariyalur,Ridgegourd,0.56
Ariyalur,Samai,0
Ariyalur,Sesamum,1.84
Ariyalur,Snake Gourd,0.02
Ariyalur,Sorghum,2.7
Ariyalur,Sorghum Sudan Grass,2.02
Ariyalur,Sunflower,0.12
Ariyalur,Sweet Corn,0.26
Ariyalur,Sweet Sorghum,0
Ariyalur,Tomato,0.03
Ariyalur,Turnip,0.01
Ariyalur,Unnamed: 69,0
Ariyalur,Vegetable Cowpea,0.04
Ariyalur,Water Melon,0.05
Chennai,Ash Gourd,0.04
Chennai,Beans,0.05
Chennai,Beetroot,0.01
Chennai,Bhendi,0.37
Chennai,Bitter Gourd,0.07
Chennai,Bottlegourd,0.03
Chennai,Brinjal,0.02
Chennai,Carrot,0
Chennai,Cauliflower,0
Chennai,Chillies,0.01
Chennai,Clusterbeans,0.31
Chennai,Coriander,1.17
Chennai,Cotton,0
Chennai,Cowpea,0.06
Chennai,Cowpea.1,0.03
Chennai,Cucumber,0.01
Chennai,Dolichos,0
Chennai,Greengram,0
Chennai,Greens,1.14
Chennai,Knol Khol,0
Chennai,Maize,0
Chennai,Moringa,0.02
Chennai,Onion,0
Chennai,Paddy,0
Chennai,Palak,1.02
Chennai,Pole Beans,0
Chennai,Pumpkin,0.03
Chennai,Radish,0.01
Chennai,Redgram,0
Chennai,Ridgegourd,0.01
Chennai,Snake Gourd,0.05
Chennai,Sorghum Sudan Grass,0.05
Chennai,Tomato,0
Chennai,Vegetable Cowpea,0.01
Chennai,Water Melon,0.04
Chennai,Yard Long Beans,0.04
Coimbatore,Ash Gourd,0.07
Coimbatore,Beans,8.18
Coimbatore,Beetroot,5.56
Coimbatore,Bengalgram,9.81
Coimbatore,Bhendi,10.73
Coimbatore,Bitter Gourd,1.1
Coimbatore,Blackgram,3.37
Coimbatore,Blockgram,0.14
Coimbatore,Bottlegourd,1.56
Coimbatore,Brinjal,2.04
Coimbatore,Brocoli,0
Coimbatore,Bush Beans,0
Coimbatore,Cabbage,0.01
Coimbatore,Capsicum,0.02
Coimbatore,Carrot,0.27
Coimbatore,Caster,0
Coimbatore,Cauliflower,0.97
Coimbatore,Chillies,0.86
Coimbatore,Clusterbeans,0.38
Coimbatore,Coconut,59.33
Coimbatore,Coriander,11.14
Coimbatore,Cotton,6.97
Coimbatore,Cowpea,2.05
Coimbatore,Cowpea.1,1.91
Coimbatore,Cucumber,0.08
Coimbatore,Cumbu,1.43
Coimbatore,Dolichos,0.89
Coimbatore,Greengram,1.2
Coimbatore,Greens,0.18
Coimbatore,Groundnut,0.94
Coimbatore,Horsegram,0.8
Coimbatore,Hot Pepper,0.32
Coimbatore,Knol Khol,0
Coimbatore,Kuthiraivali,0
Coimbatore,Maize,86.03
Coimbatore,Melon,0.1
Coimbatore,Moringa,0
Coimbatore,Onion,0.13
Coimbatore,Other Vegetables,0.8
Coimbatore,Paddy,145.36
Coimbatore,Palak,4.04
Coimbatore,Papaya,0
Coimbatore,Peas,0
Coimbatore,Pole Beans,0
Coimbatore,Pumpkin,1.25
Coimbatore,Radish,2.95
Coimbatore,Redgram,1.15
Coimbatore,Ribbed Gourd,0.01
Coimbatore,Ridgegourd,0.54
Coimbatore,Samai,0
Coimbatore,Sesamum,0
Coimbatore,Snake Gourd,1.25
Coimbatore,Sorghum,1.75
Coimbatore,Sorghum Sudan Grass,0.56
Coimbatore,Sunflower,6.82
Coimbatore,Sweet Corn,0.2
Coimbatore,Sweet Sorghum,0
Coimbatore,Tomato,75.56
Coimbatore,Vegetable Cowpea,0.29
Coimbatore,Water Melon,0.27
Coimbatore,Wax Gourd,0.97
Coimbatore,Wax Gourd.1,0.02
Coimbatore,Yard Long Beans,0.14
Cuddalore,Bhendi,0.01
Cuddalore,Blackgram,4.91
Cuddalore,Bottlegourd,0
Cuddalore,Chillies,0
Cuddalore,Clusterbeans,0.07
Cuddalore,Cotton,1.54
Cuddalore,Cumbu,5.96
Cuddalore,Groundnut,0.14
Cuddalore,Maize,35.24
Cuddalore,Other Vegetables,0
Cuddalore,Paddy,1311.26
Cuddalore,Papaya,0
Cuddalore,Radish,0
Cuddalore,Ridgegourd,0
Cuddalore,Sesamum,1.35
Cuddalore,Sorghum,0.54
Cuddalore,Sorghum Sudan Grass,1.01
Dharmapuri,Ash Gourd,0.02
Dharmapuri,Beans,0.14
Dharmapuri,Beetroot,0
Dharmapuri,Bengalgram,0.57
Dharmapuri,Bhendi,0.31
Dharmapuri,Bitter Gourd,0.03
Dharmapuri,Blackgram,3.51
Dharmapuri,Bottlegourd,0.01
Dharmapuri,Brinjal,0
Dharmapuri,Bush Beans,0
Dharmapuri,Carrot,0
Dharmapuri,Chillies,0.01
Dharmapuri,Clusterbeans,0.1
Dharmapuri,Coriander,0.14
Dharmapuri,Cotton,0.57
Dharmapuri,Cowpea,10.34
Dharmapuri,Cowpea.1,0.1
Dharmapuri,Cumbu,0.08
Dharmapuri,Dolichos,0.05
Dharmapuri,Greengram,1.36
Dharmapuri,Greens,0.04
Dharmapuri,Groundnut,3.09
Dharmapuri,Horsegram,5.46
Dharmapuri,Hot Pepper,0
Dharmapuri,Maize,3.32
Dharmapuri,Melon,0
Dharmapuri,Moringa,0
Dharmapuri,Onion,0
Dharmapuri,Other Vegetables,0
Dharmapuri,Paddy,62.27
Dharmapuri,Palak,0.04
Dharmapuri,Pole Beans,0
Dharmapuri,Pumpkin,0
Dharmapuri,Radish,0.22
Dharmapuri,Ragi,14.53
Dharmapuri,Redgram,2.52
Dharmapuri,Ribbed Gourd,0
Dharmapuri,Ridgegourd,0.01
Dharmapuri,Samai,0.11
Dharmapuri,Sesamum,0
Dharmapuri,Snake Gourd,0.01
Dharmapuri,Sorghum,1.17
Dharmapuri,Sorghum Sudan Grass,0.01
Dharmapuri,Sunflower,0
Dharmapuri,Sweet Sorghum,0.02
Dharmapuri,Tomato,0.12
Dharmapuri,Vegetable Cowpea,0.03
Dharmapuri,Water Melon,0
Dindigul,Ash Gourd,1.32
Dindigul,Beans,6
Dindigul,Beetroot,1.22
Dindigul,Bhendi,3
Dindigul,Bitter Gourd,6.17
Dindigul,Blackgram,5.1
Dindigul,Blockgram,0.02
Dindigul,Bottlegourd,0.67
Dindigul,Brinjal,0.68
Dindigul,Brocoli,0
Dindigul,Bush Beans,0.08
Dindigul,Cabbage,0
Dindigul,Carrot,50.13
Dindigul,Caster,0.03
Dindigul,Cauliflower,0.08
Dindigul,Chillies,0.59
Dindigul,Clusterbeans,2.23
Dindigul,Coconut,0.1
Dindigul,Coriander,6.23
Dindigul,Cotton,1.94
Dindigul,Cowpea,3.41
Dindigul,Cowpea.1,3.86
Dindigul,Cucumber,0.06
Dindigul,Cumbu,0.9
Dindigul,Dolichos,0.04
Dindigul,Greens,0.01
Dindigul,Groundnut,5.32
Dindigul,Hot Pepper,0.01
Dindigul,Knol Khol,0.21
Dindigul,Maize,35.3
Dindigul,Melon,0
Dindigul,Moringa,0.14
Dindigul,Onion,0.19
Dindigul,Other Vegetables,0.03
Dindigul,Paddy,288.2
Dindigul,Palak,0.07
Dindigul,Peas,1.45
Dindigul,Pole Beans,0.19
Dindigul,Pumpkin,1.28
Dindigul,Radish,0.46
Dindigul,Redgram,0.01
Dindigul,Ribbed Gourd,0
Dindigul,Ridgegourd,0.83
Dindigul,Samai,0
Dindigul,Sesamum,0.2
Dindigul,Snake Gourd,5.63
Dindigul,Sorghum,1.72
Dindigul,Squash,0
Dindigul,Sunflower,0.39
Dindigul,Sweet Corn,0
Dindigul,Tomato,0.57
Dindigul,Turnip,0.08
Dindigul,Vegetable Cowpea,0.12
Dindigul,Water Melon,0.93
Dindigul,Wax Gourd,2.56
Dindigul,Wax Gourd.1,0.03
Dindigul,Yard Long Beans,0
Erode,Ash Gourd,0.03
Erode,Beans,1.31
Erode,Beetroot,0.13
Erode,Bhendi,0.43
Erode,Bitter Gourd,0.26
Erode,Blackgram,1.87
Erode,Blockgram,0.01
Erode,Bottlegourd,0.06
Erode,Brinjal,0.01
Erode,Bush Beans,0
Erode,Cabbage,0.16
Erode,Carrot,0.03
Erode,Caster,0.06
Erode,Cauliflower,0
Erode,Chillies,0.01
Erode,Clusterbeans,0.08
Erode,Coriander,0.39
Erode,Cotton,0.93
Erode,Cowpea,0.48
Erode,Cowpea.1,0
Erode,Cucumber,0
Erode,Cumbu,0
Erode,Dolichos,0.15
Erode,Greengram,0.03
Erode,Greens,0.02
Erode,Groundnut,11.02
Erode,Maize,21.53
Erode,Melon,0.01
Erode,Moringa,0
Erode,Onion,0.06
Erode,Other Vegetables,0.12
Erode,Paddy,168.03
Erode,Palak,0.08
Erode,Peas,0.04
Erode,Pole Beans,0.13
Erode,Pumpkin,0.02
Erode,Radish,0.11
Erode,Ragi,0.32
Erode,Redgram,0
Erode,Ribbed Gourd,0
Erode,Ridgegourd,0.07
Erode,Sesamum,1.84
Erode,Snake Gourd,0.02
Erode,Sorghum,0.22
Erode,Sweet Corn,0.04
Erode,Tomato,0.38
Erode,Vegetable Cowpea,0.28
Erode,Water Melon,0.02
Erode,Wax Gourd,0
Erode,Wax Gourd.1,0
Kancheepuram,Ash Gourd,0
Kancheepuram,Beans,0
Kancheepuram,Bhendi,2.59
Kancheepuram,Bitter Gourd,0.01
Kancheepuram,Blackgram,4.32
Kancheepuram,Blockgram,0.05
Kancheepuram,Bottlegourd,0
Kancheepuram,Brinjal,0.01
Kancheepuram,Chillies,0.02
Kancheepuram,Clusterbeans,0.01
Kancheepuram,Cowpea,0
Kancheepuram,Greengram,0.05
Kancheepuram,Greens,0.31
Kancheepuram,Groundnut,0
Kancheepuram,Maize,0.02
Kancheepuram,Other Vegetables,0.5
Kancheepuram,Paddy,781.04
Kancheepuram,Pumpkin,0
Kancheepuram,Radish,0.01
Kancheepuram,Ragi,0
Kancheepuram,Ribbed Gourd,0
Kancheepuram,Ridgegourd,0
Kancheepuram,Samai,0
Kancheepuram,Sesamum,0.05
Kancheepuram,Snake Gourd,0.01
Kancheepuram,Sorghum,0
Kancheepuram,Sorghum Sudan Grass,0.01
Kancheepuram,Sweet Corn,0
Kancheepuram,Tomato,0.1
Kancheepuram,Vegetable Cowpea,0
Kancheepuram,Water Melon,0.58
Kancheepuram,Wax Gourd,0
Kanyakumari,Ash Gourd,0
Kanyakumari,Beetroot,0
Kanyakumari,Bhendi,0
Kanyakumari,Brinjal,0
Kanyakumari,Coconut,1.84
Kanyakumari,Cowpea,0
Kanyakumari,Cowpea.1,0
Kanyakumari,Moringa,0
Kanyakumari,Paddy,0
Kanyakumari,Redgram,0
Kanyakumari,Snake Gourd,0
Kanyakumari,Tomato,0
Karur,Ash Gourd,0
Karur,Bengalgram,0
Karur,Bhendi,0
Karur,Bitter Gourd,0
Karur,Blackgram,9.52
Karur,Bottlegourd,0
Karur,Brinjal,0
Karur,Caster,0
Karur,Chillies,0.01
Karur,Clusterbeans,0
Karur,Coconut,0
Karur,Coriander,0.03
Karur,Cowpea,0
Karur,Cumbu,0.77
Karur,Dolichos,0
Karur,Greengram,0
Karur,Greens,0
Karur,Groundnut,2.62
Karur,Horsegram,1.26
Karur,Maize,2.31
Karur,Moringa,0
Karur,Onion,0
Karur,Paddy,15.32
Karur,Papaya,0
Karur,Radish,0
Karur,Ragi,0
Karur,Redgram,0
Karur,Ridgegourd,0
Karur,Samai,0
Karur,Sesamum,0.13
Karur,Snake Gourd,0
Karur,Sorghum,0.2
Karur,Sunflower,0
Karur,Tomato,0
Krishnagiri,Ash Gourd,0.02
Krishnagiri,Beans,0.93
Krishnagiri,Beetroot,0.47
Krishnagiri,Bhendi,0.21
Krishnagiri,Bitter Gourd,0.06
Krishnagiri,Blackgram,0.53
Krishnagiri,Blockgram,0.02
Krishnagiri,Bottlegourd,0.52
Krishnagiri,Brinjal,0.09
Krishnagiri,Bush Beans,0
Krishnagiri,Cabbage,0.04
Krishnagiri,Capsicum,0
Krishnagiri,Carrot,1.59
Krishnagiri,Caster,0.01
Krishnagiri,Cauliflower,0.2
Krishnagiri,Chillies,0.13
Krishnagiri,Clusterbeans,0.09
Krishnagiri,Coconut,2.5
Krishnagiri,Coriander,10.1
Krishnagiri,Cotton,0.32
Krishnagiri,Cowpea,0.84
Krishnagiri,Cowpea.1,0.21
Krishnagiri,Cucumber,0.05
Krishnagiri,Cumbu,0.12
Krishnagiri,Dolichos,0.01
Krishnagiri,Greengram,0
Krishnagiri,Greens,0.27
Krishnagiri,Groundnut,9.87
Krishnagiri,Horsegram,4.03
Krishnagiri,Knol Khol,0.24
Krishnagiri,Maize,1.08
Krishnagiri,Moringa,0
Krishnagiri,Onion,0.01
Krishnagiri,Other Vegetables,0.01
Krishnagiri,Paddy,96.34
Krishnagiri,Palak,0.32
Krishnagiri,Papaya,0
Krishnagiri,Pole Beans,2.2
Krishnagiri,Pumpkin,0.01
Krishnagiri,Radish,0.61
Krishnagiri,Ragi,49.22
Krishnagiri,Redgram,27.2
Krishnagiri,Ribbed Gourd,0.01
Krishnagiri,Ridgegourd,0.11
Krishnagiri,Snake Gourd,0.01
Krishnagiri,Sorghum,0.23
Krishnagiri,Sorghum Sudan Grass,0.14
Krishnagiri,Sunflower,0
Krishnagiri,Sweet Sorghum,0
Krishnagiri,Tomato,3.06
Krishnagiri,Vegetable Cowpea,0.02
Krishnagiri,Water Melon,0.02
Krishnagiri,Yard Long Beans,0.01
Madurai,Ash Gourd,0.81
Madurai,Beans,2.06
Madurai,Beetroot,0.06
Madurai,Bhendi,11.39
Madurai,Bitter Gourd,7.75
Madurai,Blackgram,2.67
Madurai,Blockgram,0.05
Madurai,Bottlegourd,1.14
Madurai,Brinjal,0.23
Madurai,Bush Beans,0
Madurai,Cabbage,0
Madurai,Capsicum,0
Madurai,Carrot,0.21
Madurai,Caster,0.02
Madurai,Cauliflower,0
Madurai,Chillies,0.38
Madurai,Clusterbeans,2.26
Madurai,Coconut,10.1
Madurai,Coriander,3.93
Madurai,Cotton,8.49
Madurai,Cowpea,18.46
Madurai,Cowpea.1,0.06
Madurai,Cucumber,0.1
Madurai,Cumbu,3.96
Madurai,Dolichos,0.06
Madurai,Greengram,1.71
Madurai,Greens,4.88
Madurai,Groundnut,1.4
Madurai,Hot Pepper,0
Madurai,Knol Khol,0
Madurai,Maize,8.61
Madurai,Moringa,0
Madurai,Onion,0.89
Madurai,Other Vegetables,0.11
Madurai,Paddy,428.66
Madurai,Palak,4.2
Madurai,Papaya,0.01
Madurai,Peas,0
Madurai,Pumpkin,0.63
Madurai,Radish,5.18
Madurai,Ragi,0
Madurai,Redgram,0.1
Madurai,Ridgegourd,0.59
Madurai,Samai,0.02
Madurai,Sesamum,0
Madurai,Snake Gourd,1.98
Madurai,Sorghum,40.99
Madurai,Sorghum Sudan Grass,78.31
Madurai,Sunflower,0.49
Madurai,Sweet Sorghum,0.07
Madurai,Tomato,0.92
Madurai,Vegetable Cowpea,0.04
Madurai,Water Melon,0.05
Nagapattinam,Ash Gourd,0
Nagapattinam,Bhendi,0
Nagapattinam,Blackgram,201.69
Nagapattinam,Cabbage,0
Nagapattinam,Carrot,0
Nagapattinam,Cauliflower,0
Nagapattinam,Coconut,0.03
Nagapattinam,Cotton,5.5
Nagapattinam,Greengram,34.7
Nagapattinam,Greens,0
Nagapattinam,Knol Khol,0
Nagapattinam,Maize,0.02
Nagapattinam,Moringa,0
Nagapattinam,Paddy,1102.32
Nagapattinam,Samai,0
Nagapattinam,Sesamum,1.37
Nagapattinam,Snake Gourd,0
Nagapattinam,Sorghum,0
Nagapattinam,Tomato,0
Namakkal,Ash Gourd,0.01
Namakkal,Beans,0.03
Namakkal,Beetroot,0.01
Namakkal,Bhendi,29.11
Namakkal,Bitter Gourd,1.17
Namakkal,Blackgram,2.36
Namakkal,Blockgram,0.11
Namakkal,Bottlegourd,2.47
Namakkal,Brinjal,0.03
Namakkal,Cabbage,0
Namakkal,Capsicum,0
Namakkal,Carrot,0
Namakkal,Caster,3.39
Namakkal,Cauliflower,0
Namakkal,Chillies,0.2
Namakkal,Clusterbeans,0.02
Namakkal,Coconut,0
Namakkal,Coriander,0.45
Namakkal,Cotton,2.63
Namakkal,Cowpea,0.18
Namakkal,Cowpea.1,0
Namakkal,Cucumber,0
Namakkal,Cumbu,0.21
Namakkal,Dolichos,9.15
Namakkal,Greengram,6.16
Namakkal,Greens,0.28
Namakkal,Groundnut,0.36
Namakkal,Maize,13.53
Namakkal,Melon,0
Namakkal,Moringa,0
Namakkal,Onion,0.03
Namakkal,Other Vegetables,0.04
Namakkal,Paddy,152.06
Namakkal,Palak,0.02
Namakkal,Pumpkin,0
Namakkal,Radish,11.64
Namakkal,Ragi,0.13
Namakkal,Redgram,0.02
Namakkal,Ribbed Gourd,0
Namakkal,Ridgegourd,4.98
Namakkal,Sesamum,0.17
Namakkal,Snake Gourd,0.18
Namakkal,Sorghum,41.85
Namakkal,Sorghum Sudan Grass,0.38
Namakkal,Sunflower,0.1
Namakkal,Sweet Corn,0
Namakkal,Tomato,0.24
Namakkal,Vegetable Cowpea,0
Namakkal,Water Melon,0
Nilgiris,Beans,5.29
Nilgiris,Beetroot,0.66
Nilgiris,Bitter Gourd,0.02
Nilgiris,Brocoli,0
Nilgiris,Bush Beans,0.02
Nilgiris,Cabbage,0.04
Nilgiris,Capsicum,0
Nilgiris,Carrot,2.83
Nilgiris,Cauliflower,0
Nilgiris,Coriander,0
Nilgiris,Hot Pepper,0
Nilgiris,Knol Khol,0.07
Nilgiris,Leeks,0.01
Nilgiris,Lettuce,0
Nilgiris,Other Vegetables,0
Nilgiris,Palak,0.03
Nilgiris,Peas,5
Nilgiris,Pole Beans,0.04
Nilgiris,Potato,0
Nilgiris,Radish,0.13
Nilgiris,Ridgegourd,0
Nilgiris,Squash,0.01
Nilgiris,Turnip,0.19
Nilgiris,Yellow Squash,0.02
Perambalur,Ash Gourd,0
Perambalur,Bhendi,0
Perambalur,Blackgram,1.49
Perambalur,Bottlegourd,0
Perambalur,Chillies,0
Perambalur,Clusterbeans,0.01
Perambalur,Cotton,24.46
Perambalur,Cumbu,0.1
Perambalur,Maize,21.21
Perambalur,Paddy,8.14
Perambalur,Redgram,0.04
Perambalur,Ribbed Gourd,0
Perambalur,Sesamum,0.01
Perambalur,Sorghum,1.14
Perambalur,Sorghum Sudan Grass,0.12
Perambalur,Tomato,0
Perambalur,Unnamed: 69,0
Pudukkottai,Bhendi,0
Pudukkottai,Blackgram,0.2
Pudukkottai,Chillies,0
Pudukkottai,Groundnut,0
Pudukkottai,Maize,1.11
Pudukkottai,Paddy,58.71
Pudukkottai,Pumpkin,0.01
Pudukkottai,Snake Gourd,0
Pudukkottai,Sorghum Sudan Grass,0
Ramanathapuram,Bhendi,0
Ramanathapuram,Blackgram,1.24
Ramanathapuram,Caster,0
Ramanathapuram,Chillies,0
Ramanathapuram,Clusterbeans,0
Ramanathapuram,Cotton,0.49
Ramanathapuram,Cumbu,0
Ramanathapuram,Greengram,0
Ramanathapuram,Greens,0
Ramanathapuram,Groundnut,0
Ramanathapuram,Kuthiraivali,0
Ramanathapuram,Other Vegetables,0
Ramanathapuram,Paddy,0
Ramanathapuram,Sorghum,0.01
Ramanathapuram,Sunflower,0
Ramanathapuram,Tomato,0
Salem,Ash Gourd,1.04
Salem,Beans,0.8
Salem,Beetroot,0
Salem,Bengalgram,0.09
Salem,Bhendi,3.78
Salem,Bitter Gourd,4.54
Salem,Blackgram,37.83
Salem,Blockgram,0.23
Salem,Bottlegourd,1.57
Salem,Brinjal,0.29
Salem,Bush Beans,0
Salem,Carrot,0.01
Salem,Caster,0.92
Salem,Cauliflower,0
Salem,Chillies,0.93
Salem,Clusterbeans,5.66
Salem,Coconut,0.43
Salem,Coriander,1.05
Salem,Cotton,74.59
Salem,Cowpea,68.01
Salem,Cowpea.1,51.48
Salem,Cucumber,0.81
Salem,Cumbu,3.78
Salem,Dolichos,9.76
Salem,Greengram,22.92
Salem,Greens,0.45
Salem,Groundnut,51.77
Salem,Horsegram,0.62
Salem,Hot Pepper,0.26
Salem,Knol Khol,0
Salem,Lettuce,0.01
Salem,Maize,144.45
Salem,Melon,0.01
Salem,Moringa,0.01
Salem,Onion,0.17
Salem,Other Vegetables,0.71
Salem,Paddy,176.54
Salem,Palak,2.76
Salem,Pole Beans,0.1
Salem,Pumpkin,0.04
Salem,Radish,3.93
Salem,Ragi,30.1
Salem,Redgram,5.13
Salem,Ribbed Gourd,0.6
Salem,Ridgegourd,4.47
Salem,Samai,0.8
Salem,Sesamum,3.29
Salem,Snake Gourd,1.23
Salem,Sorghum,5.84
Salem,Sorghum Sudan Grass,11.59
Salem,Sunflower,0.92
Salem,Sweet Corn,0.06
Salem,Sweet Sorghum,1.09
Salem,Tinda,0.7
Salem,Tomato,0.77
Salem,Vegetable Cowpea,0.01
Salem,Water Melon,0.93
Salem,Wax Gourd,0
Salem,Yard Long Beans,0.07
Sivagangai,Ash Gourd,0
Sivagangai,Beans,0
Sivagangai,Bengalgram,0
Sivagangai,Bhendi,0.01
Sivagangai,Bitter Gourd,0
Sivagangai,Blackgram,4.74
Sivagangai,Bottlegourd,0
Sivagangai,Brinjal,0
Sivagangai,Caster,0.01
Sivagangai,Chillies,0
Sivagangai,Clusterbeans,0.02
Sivagangai,Coriander,0.01
Sivagangai,Cotton,0
Sivagangai,Cowpea,0
Sivagangai,Cucumber,0
Sivagangai,Greengram,0
Sivagangai,Groundnut,16.06
Sivagangai,Horsegram,0
Sivagangai,Hot Pepper,0
Sivagangai,Kuthiraivali,0
Sivagangai,Maize,0.14
Sivagangai,Onion,0
Sivagangai,Other Vegetables,0
Sivagangai,Paddy,224.22
Sivagangai,Radish,0.01
Sivagangai,Ragi,2.58
Sivagangai,Ribbed Gourd,0
Sivagangai,Ridgegourd,0
Sivagangai,Sesamum,0.1
Sivagangai,Snake Gourd,0
Sivagangai,Sorghum,0.19
Sivagangai,Sorghum Sudan Grass,0.24
Sivagangai,Sunflower,0
Sivagangai,Tomato,0
Sivagangai,Water Melon,0
Sivagangai,Wax Gourd,0
Thanjavur,Ash Gourd,0.01
Thanjavur,Beans,0.01
Thanjavur,Beetroot,0
Thanjavur,Bhendi,3.37
Thanjavur,Bitter Gourd,0.82
Thanjavur,Blackgram,244.18
Thanjavur,Blockgram,11.44
Thanjavur,Bottlegourd,0.91
Thanjavur,Brinjal,0.02
Thanjavur,Cabbage,0
Thanjavur,Capsicum,0
Thanjavur,Carrot,0
Thanjavur,Caster,0
Thanjavur,Chillies,0.01
Thanjavur,Clusterbeans,1.13
Thanjavur,Coconut,3.54
Thanjavur,Coriander,0
Thanjavur,Cotton,574.53
Thanjavur,Cowpea,0.04
Thanjavur,Cowpea.1,0.04
Thanjavur,Cucumber,0
Thanjavur,Cumbu,0.02
Thanjavur,Dolichos,0
Thanjavur,Greengram,0.82
Thanjavur,Greens,0.03
Thanjavur,Groundnut,3.67
Thanjavur,Horsegram,0
Thanjavur,Knol Khol,0
Thanjavur,Maize,3.38
Thanjavur,Moringa,0.01
Thanjavur,Onion,0
Thanjavur,Other Vegetables,1.75
Thanjavur,Paddy,2449.98
Thanjavur,Pumpkin,0.16
Thanjavur,Radish,1.31
Thanjavur,Ragi,0
Thanjavur,Redgram,0.01
Thanjavur,Ridgegourd,1.86
Thanjavur,Samai,0.03
Thanjavur,Sesamum,32.41
Thanjavur,Snake Gourd,0.81
Thanjavur,Sorghum,1.13
Thanjavur,Sorghum Sudan Grass,0.05
Thanjavur,Sunflower,0.16
Thanjavur,Sweet Sorghum,0
Thanjavur,Tomato,3.01
Thanjavur,Unnamed: 69,0
Thanjavur,Unnamed: 74,0
Thanjavur,Water Melon,1.11
Theni,Ash Gourd,0
Theni,Beans,0.61
Theni,Beetroot,1.85
Theni,Bhendi,0.76
Theni,Bitter Gourd,0.05
Theni,Blackgram,0.34
Theni,Bottlegourd,0.02
Theni,Brinjal,0
Theni,Caster,0.02
Theni,Chillies,0.06
Theni,Clusterbeans,0.26
Theni,Coconut,0.2
Theni,Coriander,8.88
Theni,Cotton,0.51
Theni,Cowpea,2.1
Theni,Cowpea.1,0.05
Theni,Cucumber,0.02
Theni,Cumbu,2.23
Theni,Greengram,0.33
Theni,Greens,0
Theni,Groundnut,0.04
Theni,Knol Khol,0.03
Theni,Maize,18.62
Theni,Moringa,0.02
Theni,Onion,0
Theni,Other Vegetables,0.06
Theni,Paddy,21.1
Theni,Palak,0.28
Theni,Pumpkin,0.01
Theni,Radish,0.1
Theni,Ribbed Gourd,0
Theni,Ridgegourd,0.02
Theni,Snake Gourd,0.01
Theni,Sorghum,0.91
Theni,Sorghum Sudan Grass,0.01
Theni,Tomato,0.39
Theni,Vegetable Cowpea,0.17
Theni,Water Melon,0
Theni,Wax Gourd.1,0.02
Thirunelveli,Ash Gourd,0.06
Thirunelveli,Beans,0.21
Thirunelveli,Beetroot,0.08
Thirunelveli,Bengalgram,0.05
Thirunelveli,Bhendi,6.52
Thirunelveli,Bitter Gourd,2.72
Thirunelveli,Blackgram,12.95
Thirunelveli,Blockgram,0.32
Thirunelveli,Bottlegourd,0.19
Thirunelveli,Brinjal,0.06
Thirunelveli,Cabbage,0
Thirunelveli,Capsicum,0
Thirunelveli,Carrot,1
Thirunelveli,Caster,0.01
Thirunelveli,Cauliflower,0
Thirunelveli,Chillies,1.02
Thirunelveli,Clusterbeans,6.04
Thirunelveli,Coconut,1.7
Thirunelveli,Coriander,4.49
Thirunelveli,Cotton,2.86
Thirunelveli,Cowpea,0.62
Thirunelveli,Cowpea.1,0.21
Thirunelveli,Cucumber,0.06
Thirunelveli,Cumbu,0.11
Thirunelveli,Dolichos,0.25
Thirunelveli,Greengram,0.12
Thirunelveli,Greens,0
Thirunelveli,Groundnut,0.83
Thirunelveli,Horsegram,0
Thirunelveli,Hot Pepper,0
Thirunelveli,Kudiraivali,0
Thirunelveli,Kuthiraivali,0
Thirunelveli,Maize,0.39
Thirunelveli,Melon,0
Thirunelveli,Moringa,0
Thirunelveli,Onion,2.91
Thirunelveli,Other Vegetables,0.11
Thirunelveli,Paddy,327.57
Thirunelveli,Palak,0.02
Thirunelveli,Papaya,0
Thirunelveli,Peas,0
Thirunelveli,Pumpkin,0.56
Thirunelveli,Radish,0.03
Thirunelveli,Ragi,0
Thirunelveli,Redgram,0.11
Thirunelveli,Ribbed Gourd,0
Thirunelveli,Ridgegourd,0.01
Thirunelveli,Samai,0
Thirunelveli,Snake Gourd,0.71
Thirunelveli,Sorghum,23.67
Thirunelveli,Sorghum Sudan Grass,6.44
Thirunelveli,Sunflower,0.17
Thirunelveli,Sweet Sorghum,0.12
Thirunelveli,Tinda,0
Thirunelveli,Tomato,1.44
Thirunelveli,Unnamed: 74,0
Thirunelveli,Vegetable Cowpea,0.09
Thirunelveli,Water Melon,0.55
Thirunelveli,Wax Gourd,0.57
Thirunelveli,Wax Gourd.1,0
Thirunelveli,Yard Long Beans,0.02
Thiruvallur,Ash Gourd,0.21
Thiruvallur,Beans,0.16
Thiruvallur,Bhendi,6.24
Thiruvallur,Bitter Gourd,6.59
Thiruvallur,Blackgram,32.33
Thiruvallur,Bottlegourd,3.2
Thiruvallur,Brinjal,0.5
Thiruvallur,Carrot,0
Thiruvallur,Cauliflower,0
Thiruvallur,Chillies,0.2
Thiruvallur,Clusterbeans,0.24
Thiruvallur,Coconut,13.37
Thiruvallur,Coriander,0.04
Thiruvallur,Cowpea,1.34
Thiruvallur,Cowpea.1,0.02
Thiruvallur,Cucumber,0.02
Thiruvallur,Dolichos,0.01
Thiruvallur,Greengram,1.26
Thiruvallur,Greens,0.23
Thiruvallur,Groundnut,0
Thiruvallur,Hot Pepper,0
Thiruvallur,Knol Khol,0
Thiruvallur,Maize,0.09
Thiruvallur,Moringa,0.03
Thiruvallur,Onion,0
Thiruvallur,Other Vegetables,0.04
Thiruvallur,Paddy,386.97
Thiruvallur,Palak,0.05
Thiruvallur,Pumpkin,0.01
Thiruvallur,Radish,0.24
Thiruvallur,Ridgegourd,2.36
Thiruvallur,Sesamum,0.06
Thiruvallur,Snake Gourd,1.36
Thiruvallur,Sorghum,0.37
Thiruvallur,Sorghum Sudan Grass,0.14
Thiruvallur,Tinda,0.01
Thiruvallur,Tomato,0
Thiruvallur,Vegetable Cowpea,0
Thiruvallur,Water Melon,0.14
Thiruvallur,Yard Long Beans,0.12
Thiruvarur,Beetroot,0
Thiruvarur,Bhendi,0.75
Thiruvarur,Blackgram,3125.4
Thiruvarur,Carrot,0
Thiruvarur,Chillies,0
Thiruvarur,Coconut,0.04
Thiruvarur,Cotton,3.73
Thiruvarur,Cowpea,12341.23
Thiruvarur,Cumbu,0.1
Thiruvarur,Greengram,30.24
Thiruvarur,Maize,421.27
Thiruvarur,Other Vegetables,0
Thiruvarur,Paddy,1648.63
Thiruvarur,Pumpkin,0
Thiruvarur,Ragi,0
Thiruvarur,Ridgegourd,501.23
Thiruvarur,Samai,1.23
Thiruvarur,Sesamum,1.44
Thiruvarur,Sorghum,0
Thiruvarur,Tomato,0
Thiruvarur,Water Melon,0
Thoothukudi,Ash Gourd,0.01
Thoothukudi,Beans,0.14
Thoothukudi,Beetroot,0.01
Thoothukudi,Bhendi,0.56
Thoothukudi,Bitter Gourd,0.09
Thoothukudi,Blackgram,11.6
Thoothukudi,Bottlegourd,0.03
Thoothukudi,Brinjal,0.25
Thoothukudi,Caster,0.01
Thoothukudi,Chillies,1.01
Thoothukudi,Clusterbeans,5.51
Thoothukudi,Coconut,2.8
Thoothukudi,Coriander,0.06
Thoothukudi,Cotton,11.12
Thoothukudi,Cowpea,0.7
Thoothukudi,Cowpea.1,0.02
Thoothukudi,Cucumber,0.07
Thoothukudi,Cumbu,12.92
Thoothukudi,Greengram,2.41
Thoothukudi,Greens,0.34
Thoothukudi,Groundnut,0
Thoothukudi,Maize,93.47
Thoothukudi,Moringa,0.31
Thoothukudi,Onion,0.01
Thoothukudi,Other Vegetables,0
Thoothukudi,Paddy,123.5
Thoothukudi,Peas,0
Thoothukudi,Pumpkin,0.03
Thoothukudi,Ribbed Gourd,0
Thoothukudi,Ridgegourd,0.02
Thoothukudi,Snake Gourd,0.14
Thoothukudi,Sorghum,3.68
Thoothukudi,Sorghum Sudan Grass,1.15
Thoothukudi,Sunflower,1.87
Thoothukudi,Tinda,0
Thoothukudi,Tomato,0.08
Thoothukudi,Vegetable Cowpea,0.01
Thoothukudi,Water Melon,0.01
Tiruppur,Ash Gourd,0.02
Tiruppur,Beans,0.78
Tiruppur,Beetroot,1.8
Tiruppur,Bengalgram,15.6
Tiruppur,Bhendi,1.08
Tiruppur,Bitter Gourd,1.91
Tiruppur,Blackgram,11.2
Tiruppur,Blockgram,0.23
Tiruppur,Bottlegourd,0.09
Tiruppur,Brinjal,0.01
Tiruppur,Bush Beans,0.1
Tiruppur,Cabbage,0
Tiruppur,Caster,0
Tiruppur,Cauliflower,0.02
Tiruppur,Chillies,0.02
Tiruppur,Clusterbeans,1.51
Tiruppur,Coconut,27.72
Tiruppur,Coriander,7.56
Tiruppur,Cotton,5.79
Tiruppur,Cowpea,2.92
Tiruppur,Cowpea.1,1.46
Tiruppur,Cucumber,0
Tiruppur,Cumbu,0.43
Tiruppur,Dolichos,0.31
Tiruppur,Greengram,0.12
Tiruppur,Greens,0.65
Tiruppur,Groundnut,10.43
Tiruppur,Maize,76.9
Tiruppur,Melon,0
Tiruppur,Moringa,0
Tiruppur,Onion,0.21
Tiruppur,Other Vegetables,1.04
Tiruppur,Paddy,4790.24
Tiruppur,Palak,0.06
Tiruppur,Papaya,0
Tiruppur,Peas,0
Tiruppur,Pumpkin,0.09
Tiruppur,Radish,0.36
Tiruppur,Redgram,1.63
Tiruppur,Ribbed Gourd,0.01
Tiruppur,Ridgegourd,0.15
Tiruppur,Snake Gourd,0.08
Tiruppur,Sorghum,2.62
Tiruppur,Sorghum Sudan Grass,0.55
Tiruppur,Sunflower,0.28
Tiruppur,Sweet Corn,0
Tiruppur,Sweet Sorghum,0
Tiruppur,Tomato,20.1
Tiruppur,Vegetable Cowpea,0.36
Tiruppur,Water Melon,0.26
Tiruppur,Wax Gourd,0.77
Tiruppur,Wax Gourd.1,0.01
Tiruppur,Yard Long Beans,0
Tiruvannamalai,Ash Gourd,0
Tiruvannamalai,Beans,0
Tiruvannamalai,Bhendi,1.32
Tiruvannamalai,Bitter Gourd,0.95
Tiruvannamalai,Blackgram,0.56
Tiruvannamalai,Bottlegourd,0
Tiruvannamalai,Brinjal,0
Tiruvannamalai,Chillies,0
Tiruvannamalai,Clusterbeans,8.5
Tiruvannamalai,Coconut,0.13
Tiruvannamalai,Coriander,0
Tiruvannamalai,Cotton,0
Tiruvannamalai,Cumbu,0.04
Tiruvannamalai,Dolichos,0
Tiruvannamalai,Greengram,0
Tiruvannamalai,Greens,0
Tiruvannamalai,Maize,0.1
Tiruvannamalai,Melon,0
Tiruvannamalai,Paddy,401.06
Tiruvannamalai,Papaya,0
Tiruvannamalai,Pumpkin,0
Tiruvannamalai,Radish,3.09
Tiruvannamalai,Ragi,0.07
Tiruvannamalai,Redgram,0
Tiruvannamalai,Ribbed Gourd,0
Tiruvannamalai,Ridgegourd,0
Tiruvannamalai,Sesamum,0
Tiruvannamalai,Snake Gourd,1.5
Tiruvannamalai,Sorghum,0.9
Tiruvannamalai,Sorghum Sudan Grass,0.06
Tiruvannamalai,Sunflower,0
Tiruvannamalai,Tinda,11
Tiruvannamalai,Tomato,0
Tiruvannamalai,Water Melon,3.9
Trichy,Ash Gourd,0.01
Trichy,Beans,0.21
Trichy,Beetroot,0
Trichy,Bhendi,2.05
Trichy,Bitter Gourd,0.07
Trichy,Blackgram,20.76
Trichy,Blockgram,0.66
Trichy,Bottlegourd,3.82
Trichy,Brinjal,0.01
Trichy,Carrot,0
Trichy,Caster,0.05
Trichy,Chillies,0
Trichy,Clusterbeans,0.99
Trichy,Coconut,0.08
Trichy,Coriander,1.53
Trichy,Cotton,24.7
Trichy,Cowpea,0.09
Trichy,Cowpea.1,0
Trichy,Cucumber,0
Trichy,Cumbu,13.86
Trichy,Dolichos,0.29
Trichy,Greengram,0.62
Trichy,Greens,0
Trichy,Groundnut,0.4
Trichy,Maize,122.04
Trichy,Moringa,0
Trichy,Onion,0
Trichy,Paddy,430
Trichy,Palak,0.01
Trichy,Papaya,0
Trichy,Pumpkin,0.02
Trichy,Radish,0.19
Trichy,Ragi,0.16
Trichy,Redgram,1.64
Trichy,Ribbed Gourd,0
Trichy,Ridgegourd,0.03
Trichy,Sesamum,2.95
Trichy,Snake Gourd,0.04
Trichy,Sorghum,7.96
Trichy,Sorghum Sudan Grass,24.29
Trichy,Sunflower,3.47
Trichy,Sweet Sorghum,0.02
Trichy,Tomato,0.02
Trichy,Vegetable Cowpea,0.15
Trichy,Water Melon,0.38
Trichy,Yard Long Beans,0.02
Vellore,Ash Gourd,0.02
Vellore,Beans,0.84
Vellore,Beetroot,0.01
Vellore,Bhendi,0.82
Vellore,Bitter Gourd,0.06
Vellore,Blackgram,47.51
Vellore,Blockgram,0.02
Vellore,Bottlegourd,0.04
Vellore,Brinjal,0.02
Vellore,Carrot,0.01
Vellore,Caster,0
Vellore,Chillies,0.34
Vellore,Clusterbeans,0.74
Vellore,Coconut,1.62
Vellore,Coriander,3.02
Vellore,Cotton,4.78
Vellore,Cowpea,0.33
Vellore,Cowpea.1,0.26
Vellore,Cucumber,0
Vellore,Cumbu,3.24
Vellore,Dolichos,0.12
Vellore,Greengram,0.41
Vellore,Greens,0.41
Vellore,Groundnut,2.6
Vellore,Horsegram,7.14
Vellore,Hot Pepper,0
Vellore,Knol Khol,0
Vellore,Kudiraivali,0.1
Vellore,Kuthiraivali,0.04
Vellore,Maize,7.96
Vellore,Melon,0
Vellore,Onion,0
Vellore,Other Vegetables,0.07
Vellore,Paddy,99.08
Vellore,Palak,0.03
Vellore,Papaya,0
Vellore,Pole Beans,0.07
Vellore,Potato,0
Vellore,Pumpkin,0
Vellore,Radish,1.19
Vellore,Ragi,7.35
Vellore,Redgram,3.01
Vellore,Ridgegourd,0.07
Vellore,Samai,0
Vellore,Sesamum,0.14
Vellore,Snake Gourd,0.01
Vellore,Sorghum,1.14
Vellore,Sorghum Sudan Grass,24.81
Vellore,Sunflower,0.05
Vellore,Sweet Corn,0.02
Vellore,Sweet Sorghum,0
Vellore,Tinda,0.03
Vellore,Tomato,0.04
Vellore,Unnamed: 69,0
Vellore,Unnamed: 74,0
Vellore,Water Melon,0.02
Vellore,Wax Gourd,0
Vellore,Wax Gourd.1,0
Vellore,Yard Long Beans,0
Vellore,Yellow Squash,0
Villupuram,Ash Gourd,0
Villupuram,Bhendi,0.45
Villupuram,Bitter Gourd,0.03
Villupuram,Blackgram,14.67
Villupuram,Bottlegourd,0.01
Villupuram,Brinjal,0
Villupuram,Capsicum,0
Villupuram,Chillies,0.09
Villupuram,Clusterbeans,0
Villupuram,Coriander,0
Villupuram,Cotton,0.36
Villupuram,Cowpea,0
Villupuram,Cucumber,0.01
Villupuram,Cumbu,3.1
Villupuram,Greengram,0
Villupuram,Greens,1.1
Villupuram,Groundnut,2
Villupuram,Maize,7.65
Villupuram,Other Vegetables,0.02
Villupuram,Paddy,245.42
Villupuram,Pumpkin,0.01
Villupuram,Radish,0.06
Villupuram,Ragi,0
Villupuram,Redgram,0
Villupuram,Ridgegourd,0.01
Villupuram,Sesamum,1.12
Villupuram,Snake Gourd,0.06
Villupuram,Sorghum,1.98
Villupuram,Sorghum Sudan Grass,0.02
Villupuram,Sunflower,0
Villupuram,Tinda,0
Villupuram,Tomato,0
Villupuram,Water Melon,0.16
Virudhunagar,Ash Gourd,0.01
Virudhunagar,Beans,0.08
Virudhunagar,Beetroot,0
Virudhunagar,Bengalgram,0
Virudhunagar,Bhendi,4.39
Virudhunagar,Bitter Gourd,3.09
Virudhunagar,Blackgram,15.82
Virudhunagar,Blockgram,0.04
Virudhunagar,Bottlegourd,0.61
Virudhunagar,Brinjal,0.37
Virudhunagar,Caster,0.01
Virudhunagar,Chillies,0.77
Virudhunagar,Clusterbeans,5.64
Virudhunagar,Coriander,0.16
Virudhunagar,Cotton,4.16
Virudhunagar,Cowpea,2.08
Virudhunagar,Cowpea.1,0.08
Virudhunagar,Cucumber,0
Virudhunagar,Cumbu,0.67
Virudhunagar,Dolichos,0.04
Virudhunagar,Greengram,8.75
Virudhunagar,Greens,2.24
Virudhunagar,Groundnut,0.67
Virudhunagar,Kudiraivali,0.44
Virudhunagar,Kuthiraivali,0
Virudhunagar,Maize,24.85
Virudhunagar,Melon,0
Virudhunagar,Moringa,1.83
Virudhunagar,Onion,0.05
Virudhunagar,Other Vegetables,0.5
Virudhunagar,Paddy,66.02
Virudhunagar,Palak,0.02
Virudhunagar,Peas,0.03
Virudhunagar,Pumpkin,0
Virudhunagar,Radish,0
Virudhunagar,Ragi,0
Virudhunagar,Redgram,0
Virudhunagar,Ridgegourd,2.82
Virudhunagar,Sesamum,0.11
Virudhunagar,Snake Gourd,0.94
Virudhunagar,Sorghum,2.77
Virudhunagar,Sorghum Sudan Grass,0.81
Virudhunagar,Sunflower,0.79
Virudhunagar,Tomato,1.58
Virudhunagar,Water Melon,0.07
